年龄,兄弟姐妹/配偶的个数,父母/小孩个数,票价,1等舱,2等舱,3等舱,登船港口为空,登船为S港,登船为Q港,登船为nan港,女性,男性,index,是否生还
22.0,1,0,7.25,0.0,0.0,1.0,0.0,1.0,0.0,0.0,1.0,0.0,0,0
38.0,1,0,71.2833,1.0,0.0,0.0,1.0,0.0,0.0,0.0,0.0,1.0,1,1
26.0,0,0,7.925,0.0,0.0,1.0,0.0,1.0,0.0,0.0,0.0,1.0,2,1
35.0,1,0,53.1,1.0,0.0,0.0,0.0,1.0,0.0,0.0,0.0,1.0,3,1
35.0,0,0,8.05,0.0,0.0,1.0,0.0,1.0,0.0,0.0,1.0,0.0,4,0
0.0,0,0,8.4583,0.0,0.0,1.0,0.0,0.0,1.0,0.0,1.0,0.0,5,0
54.0,0,0,51.8625,1.0,0.0,0.0,0.0,1.0,0.0,0.0,1.0,0.0,6,0
2.0,3,1,21.075,0.0,0.0,1.0,0.0,1.0,0.0,0.0,1.0,0.0,7,0
27.0,0,2,11.1333,0.0,0.0,1.0,0.0,1.0,0.0,0.0,0.0,1.0,8,1
14.0,1,0,30.0708,0.0,1.0,0.0,1.0,0.0,0.0,0.0,0.0,1.0,9,1
4.0,1,1,16.7,0.0,0.0,1.0,0.0,1.0,0.0,0.0,0.0,1.0,10,1
58.0,0,0,26.55,1.0,0.0,0.0,0.0,1.0,0.0,0.0,0.0,1.0,11,1
20.0,0,0,8.05,0.0,0.0,1.0,0.0,1.0,0.0,0.0,1.0,0.0,12,0
39.0,1,5,31.275,0.0,0.0,1.0,0.0,1.0,0.0,0.0,1.0,0.0,13,0
14.0,0,0,7.8542,0.0,0.0,1.0,0.0,1.0,0.0,0.0,0.0,1.0,14,0
55.0,0,0,16.0,0.0,1.0,0.0,0.0,1.0,0.0,0.0,0.0,1.0,15,1
2.0,4,1,29.125,0.0,0.0,1.0,0.0,0.0,1.0,0.0,1.0,0.0,16,0
0.0,0,0,13.0,0.0,1.0,0.0,0.0,1.0,0.0,0.0,1.0,0.0,17,1
31.0,1,0,18.0,0.0,0.0,1.0,0.0,1.0,0.0,0.0,0.0,1.0,18,0
0.0,0,0,7.225,0.0,0.0,1.0,1.0,0.0,0.0,0.0,0.0,1.0,19,1
35.0,0,0,26.0,0.0,1.0,0.0,0.0,1.0,0.0,0.0,1.0,0.0,20,0
34.0,0,0,13.0,0.0,1.0,0.0,0.0,1.0,0.0,0.0,1.0,0.0,21,1
15.0,0,0,8.0292,0.0,0.0,1.0,0.0,0.0,1.0,0.0,0.0,1.0,22,1
28.0,0,0,35.5,1.0,0.0,0.0,0.0,1.0,0.0,0.0,1.0,0.0,23,1
8.0,3,1,21.075,0.0,0.0,1.0,0.0,1.0,0.0,0.0,0.0,1.0,24,0
38.0,1,5,31.3875,0.0,0.0,1.0,0.0,1.0,0.0,0.0,0.0,1.0,25,1
0.0,0,0,7.225,0.0,0.0,1.0,1.0,0.0,0.0,0.0,1.0,0.0,26,0
19.0,3,2,263.0,1.0,0.0,0.0,0.0,1.0,0.0,0.0,1.0,0.0,27,0
0.0,0,0,7.8792,0.0,0.0,1.0,0.0,0.0,1.0,0.0,0.0,1.0,28,1
0.0,0,0,7.8958,0.0,0.0,1.0,0.0,1.0,0.0,0.0,1.0,0.0,29,0
40.0,0,0,27.7208,1.0,0.0,0.0,1.0,0.0,0.0,0.0,1.0,0.0,30,0
0.0,1,0,146.5208,1.0,0.0,0.0,1.0,0.0,0.0,0.0,0.0,1.0,31,1
0.0,0,0,7.75,0.0,0.0,1.0,0.0,0.0,1.0,0.0,0.0,1.0,32,1
66.0,0,0,10.5,0.0,1.0,0.0,0.0,1.0,0.0,0.0,1.0,0.0,33,0
28.0,1,0,82.1708,1.0,0.0,0.0,1.0,0.0,0.0,0.0,1.0,0.0,34,0
42.0,1,0,52.0,1.0,0.0,0.0,0.0,1.0,0.0,0.0,1.0,0.0,35,0
0.0,0,0,7.2292,0.0,0.0,1.0,1.0,0.0,0.0,0.0,1.0,0.0,36,1
21.0,0,0,8.05,0.0,0.0,1.0,0.0,1.0,0.0,0.0,1.0,0.0,37,0
18.0,2,0,18.0,0.0,0.0,1.0,0.0,1.0,0.0,0.0,0.0,1.0,38,0
14.0,1,0,11.2417,0.0,0.0,1.0,1.0,0.0,0.0,0.0,0.0,1.0,39,1
40.0,1,0,9.475,0.0,0.0,1.0,0.0,1.0,0.0,0.0,0.0,1.0,40,0
27.0,1,0,21.0,0.0,1.0,0.0,0.0,1.0,0.0,0.0,0.0,1.0,41,0
0.0,0,0,7.8958,0.0,0.0,1.0,1.0,0.0,0.0,0.0,1.0,0.0,42,0
3.0,1,2,41.5792,0.0,1.0,0.0,1.0,0.0,0.0,0.0,0.0,1.0,43,1
19.0,0,0,7.8792,0.0,0.0,1.0,0.0,0.0,1.0,0.0,0.0,1.0,44,1
0.0,0,0,8.05,0.0,0.0,1.0,0.0,1.0,0.0,0.0,1.0,0.0,45,0
0.0,1,0,15.5,0.0,0.0,1.0,0.0,0.0,1.0,0.0,1.0,0.0,46,0
0.0,0,0,7.75,0.0,0.0,1.0,0.0,0.0,1.0,0.0,0.0,1.0,47,1
0.0,2,0,21.6792,0.0,0.0,1.0,1.0,0.0,0.0,0.0,1.0,0.0,48,0
18.0,1,0,17.8,0.0,0.0,1.0,0.0,1.0,0.0,0.0,0.0,1.0,49,0
7.0,4,1,39.6875,0.0,0.0,1.0,0.0,1.0,0.0,0.0,1.0,0.0,50,0
21.0,0,0,7.8,0.0,0.0,1.0,0.0,1.0,0.0,0.0,1.0,0.0,51,0
49.0,1,0,76.7292,1.0,0.0,0.0,1.0,0.0,0.0,0.0,0.0,1.0,52,1
29.0,1,0,26.0,0.0,1.0,0.0,0.0,1.0,0.0,0.0,0.0,1.0,53,1
65.0,0,1,61.9792,1.0,0.0,0.0,1.0,0.0,0.0,0.0,1.0,0.0,54,0
0.0,0,0,35.5,1.0,0.0,0.0,0.0,1.0,0.0,0.0,1.0,0.0,55,1
21.0,0,0,10.5,0.0,1.0,0.0,0.0,1.0,0.0,0.0,0.0,1.0,56,1
28.5,0,0,7.2292,0.0,0.0,1.0,1.0,0.0,0.0,0.0,1.0,0.0,57,0
5.0,1,2,27.75,0.0,1.0,0.0,0.0,1.0,0.0,0.0,0.0,1.0,58,1
11.0,5,2,46.9,0.0,0.0,1.0,0.0,1.0,0.0,0.0,1.0,0.0,59,0
22.0,0,0,7.2292,0.0,0.0,1.0,1.0,0.0,0.0,0.0,1.0,0.0,60,0
38.0,0,0,80.0,1.0,0.0,0.0,0.0,0.0,0.0,0.0,0.0,1.0,61,1
45.0,1,0,83.475,1.0,0.0,0.0,0.0,1.0,0.0,0.0,1.0,0.0,62,0
4.0,3,2,27.9,0.0,0.0,1.0,0.0,1.0,0.0,0.0,1.0,0.0,63,0
0.0,0,0,27.7208,1.0,0.0,0.0,1.0,0.0,0.0,0.0,1.0,0.0,64,0
0.0,1,1,15.2458,0.0,0.0,1.0,1.0,0.0,0.0,0.0,1.0,0.0,65,1
29.0,0,0,10.5,0.0,1.0,0.0,0.0,1.0,0.0,0.0,0.0,1.0,66,1
19.0,0,0,8.1583,0.0,0.0,1.0,0.0,1.0,0.0,0.0,1.0,0.0,67,0
17.0,4,2,7.925,0.0,0.0,1.0,0.0,1.0,0.0,0.0,0.0,1.0,68,1
26.0,2,0,8.6625,0.0,0.0,1.0,0.0,1.0,0.0,0.0,1.0,0.0,69,0
32.0,0,0,10.5,0.0,1.0,0.0,0.0,1.0,0.0,0.0,1.0,0.0,70,0
16.0,5,2,46.9,0.0,0.0,1.0,0.0,1.0,0.0,0.0,0.0,1.0,71,0
21.0,0,0,73.5,0.0,1.0,0.0,0.0,1.0,0.0,0.0,1.0,0.0,72,0
26.0,1,0,14.4542,0.0,0.0,1.0,1.0,0.0,0.0,0.0,1.0,0.0,73,0
32.0,0,0,56.4958,0.0,0.0,1.0,0.0,1.0,0.0,0.0,1.0,0.0,74,1
25.0,0,0,7.65,0.0,0.0,1.0,0.0,1.0,0.0,0.0,1.0,0.0,75,0
0.0,0,0,7.8958,0.0,0.0,1.0,0.0,1.0,0.0,0.0,1.0,0.0,76,0
0.0,0,0,8.05,0.0,0.0,1.0,0.0,1.0,0.0,0.0,1.0,0.0,77,0
0.83,0,2,29.0,0.0,1.0,0.0,0.0,1.0,0.0,0.0,1.0,0.0,78,1
30.0,0,0,12.475,0.0,0.0,1.0,0.0,1.0,0.0,0.0,0.0,1.0,79,1
22.0,0,0,9.0,0.0,0.0,1.0,0.0,1.0,0.0,0.0,1.0,0.0,80,0
29.0,0,0,9.5,0.0,0.0,1.0,0.0,1.0,0.0,0.0,1.0,0.0,81,1
0.0,0,0,7.7875,0.0,0.0,1.0,0.0,0.0,1.0,0.0,0.0,1.0,82,1
28.0,0,0,47.1,1.0,0.0,0.0,0.0,1.0,0.0,0.0,1.0,0.0,83,0
17.0,0,0,10.5,0.0,1.0,0.0,0.0,1.0,0.0,0.0,0.0,1.0,84,1
33.0,3,0,15.85,0.0,0.0,1.0,0.0,1.0,0.0,0.0,0.0,1.0,85,1
16.0,1,3,34.375,0.0,0.0,1.0,0.0,1.0,0.0,0.0,1.0,0.0,86,0
0.0,0,0,8.05,0.0,0.0,1.0,0.0,1.0,0.0,0.0,1.0,0.0,87,0
23.0,3,2,263.0,1.0,0.0,0.0,0.0,1.0,0.0,0.0,0.0,1.0,88,1
24.0,0,0,8.05,0.0,0.0,1.0,0.0,1.0,0.0,0.0,1.0,0.0,89,0
29.0,0,0,8.05,0.0,0.0,1.0,0.0,1.0,0.0,0.0,1.0,0.0,90,0
20.0,0,0,7.8542,0.0,0.0,1.0,0.0,1.0,0.0,0.0,1.0,0.0,91,0
46.0,1,0,61.175,1.0,0.0,0.0,0.0,1.0,0.0,0.0,1.0,0.0,92,0
26.0,1,2,20.575,0.0,0.0,1.0,0.0,1.0,0.0,0.0,1.0,0.0,93,0
59.0,0,0,7.25,0.0,0.0,1.0,0.0,1.0,0.0,0.0,1.0,0.0,94,0
0.0,0,0,8.05,0.0,0.0,1.0,0.0,1.0,0.0,0.0,1.0,0.0,95,0
71.0,0,0,34.6542,1.0,0.0,0.0,1.0,0.0,0.0,0.0,1.0,0.0,96,0
23.0,0,1,63.3583,1.0,0.0,0.0,1.0,0.0,0.0,0.0,1.0,0.0,97,1
34.0,0,1,23.0,0.0,1.0,0.0,0.0,1.0,0.0,0.0,0.0,1.0,98,1
34.0,1,0,26.0,0.0,1.0,0.0,0.0,1.0,0.0,0.0,1.0,0.0,99,0
28.0,0,0,7.8958,0.0,0.0,1.0,0.0,1.0,0.0,0.0,0.0,1.0,100,0
0.0,0,0,7.8958,0.0,0.0,1.0,0.0,1.0,0.0,0.0,1.0,0.0,101,0
21.0,0,1,77.2875,1.0,0.0,0.0,0.0,1.0,0.0,0.0,1.0,0.0,102,0
33.0,0,0,8.6542,0.0,0.0,1.0,0.0,1.0,0.0,0.0,1.0,0.0,103,0
37.0,2,0,7.925,0.0,0.0,1.0,0.0,1.0,0.0,0.0,1.0,0.0,104,0
28.0,0,0,7.8958,0.0,0.0,1.0,0.0,1.0,0.0,0.0,1.0,0.0,105,0
21.0,0,0,7.65,0.0,0.0,1.0,0.0,1.0,0.0,0.0,0.0,1.0,106,1
0.0,0,0,7.775,0.0,0.0,1.0,0.0,1.0,0.0,0.0,1.0,0.0,107,1
38.0,0,0,7.8958,0.0,0.0,1.0,0.0,1.0,0.0,0.0,1.0,0.0,108,0
0.0,1,0,24.15,0.0,0.0,1.0,0.0,0.0,1.0,0.0,0.0,1.0,109,1
47.0,0,0,52.0,1.0,0.0,0.0,0.0,1.0,0.0,0.0,1.0,0.0,110,0
14.5,1,0,14.4542,0.0,0.0,1.0,1.0,0.0,0.0,0.0,0.0,1.0,111,0
22.0,0,0,8.05,0.0,0.0,1.0,0.0,1.0,0.0,0.0,1.0,0.0,112,0
20.0,1,0,9.825,0.0,0.0,1.0,0.0,1.0,0.0,0.0,0.0,1.0,113,0
17.0,0,0,14.4583,0.0,0.0,1.0,1.0,0.0,0.0,0.0,0.0,1.0,114,0
21.0,0,0,7.925,0.0,0.0,1.0,0.0,1.0,0.0,0.0,1.0,0.0,115,0
70.5,0,0,7.75,0.0,0.0,1.0,0.0,0.0,1.0,0.0,1.0,0.0,116,0
29.0,1,0,21.0,0.0,1.0,0.0,0.0,1.0,0.0,0.0,1.0,0.0,117,0
24.0,0,1,247.5208,1.0,0.0,0.0,1.0,0.0,0.0,0.0,1.0,0.0,118,0
2.0,4,2,31.275,0.0,0.0,1.0,0.0,1.0,0.0,0.0,0.0,1.0,119,0
21.0,2,0,73.5,0.0,1.0,0.0,0.0,1.0,0.0,0.0,1.0,0.0,120,0
0.0,0,0,8.05,0.0,0.0,1.0,0.0,1.0,0.0,0.0,1.0,0.0,121,0
32.5,1,0,30.0708,0.0,1.0,0.0,1.0,0.0,0.0,0.0,1.0,0.0,122,0
32.5,0,0,13.0,0.0,1.0,0.0,0.0,1.0,0.0,0.0,0.0,1.0,123,1
54.0,0,1,77.2875,1.0,0.0,0.0,0.0,1.0,0.0,0.0,1.0,0.0,124,0
12.0,1,0,11.2417,0.0,0.0,1.0,1.0,0.0,0.0,0.0,1.0,0.0,125,1
0.0,0,0,7.75,0.0,0.0,1.0,0.0,0.0,1.0,0.0,1.0,0.0,126,0
24.0,0,0,7.1417,0.0,0.0,1.0,0.0,1.0,0.0,0.0,1.0,0.0,127,1
0.0,1,1,22.3583,0.0,0.0,1.0,1.0,0.0,0.0,0.0,0.0,1.0,128,1
45.0,0,0,6.975,0.0,0.0,1.0,0.0,1.0,0.0,0.0,1.0,0.0,129,0
33.0,0,0,7.8958,0.0,0.0,1.0,1.0,0.0,0.0,0.0,1.0,0.0,130,0
20.0,0,0,7.05,0.0,0.0,1.0,0.0,1.0,0.0,0.0,1.0,0.0,131,0
47.0,1,0,14.5,0.0,0.0,1.0,0.0,1.0,0.0,0.0,0.0,1.0,132,0
29.0,1,0,26.0,0.0,1.0,0.0,0.0,1.0,0.0,0.0,0.0,1.0,133,1
25.0,0,0,13.0,0.0,1.0,0.0,0.0,1.0,0.0,0.0,1.0,0.0,134,0
23.0,0,0,15.0458,0.0,1.0,0.0,1.0,0.0,0.0,0.0,1.0,0.0,135,0
19.0,0,2,26.2833,1.0,0.0,0.0,0.0,1.0,0.0,0.0,0.0,1.0,136,1
37.0,1,0,53.1,1.0,0.0,0.0,0.0,1.0,0.0,0.0,1.0,0.0,137,0
16.0,0,0,9.2167,0.0,0.0,1.0,0.0,1.0,0.0,0.0,1.0,0.0,138,0
24.0,0,0,79.2,1.0,0.0,0.0,1.0,0.0,0.0,0.0,1.0,0.0,139,0
0.0,0,2,15.2458,0.0,0.0,1.0,1.0,0.0,0.0,0.0,0.0,1.0,140,0
22.0,0,0,7.75,0.0,0.0,1.0,0.0,1.0,0.0,0.0,0.0,1.0,141,1
24.0,1,0,15.85,0.0,0.0,1.0,0.0,1.0,0.0,0.0,0.0,1.0,142,1
19.0,0,0,6.75,0.0,0.0,1.0,0.0,0.0,1.0,0.0,1.0,0.0,143,0
18.0,0,0,11.5,0.0,1.0,0.0,0.0,1.0,0.0,0.0,1.0,0.0,144,0
19.0,1,1,36.75,0.0,1.0,0.0,0.0,1.0,0.0,0.0,1.0,0.0,145,0
27.0,0,0,7.7958,0.0,0.0,1.0,0.0,1.0,0.0,0.0,1.0,0.0,146,1
9.0,2,2,34.375,0.0,0.0,1.0,0.0,1.0,0.0,0.0,0.0,1.0,147,0
36.5,0,2,26.0,0.0,1.0,0.0,0.0,1.0,0.0,0.0,1.0,0.0,148,0
42.0,0,0,13.0,0.0,1.0,0.0,0.0,1.0,0.0,0.0,1.0,0.0,149,0
51.0,0,0,12.525,0.0,1.0,0.0,0.0,1.0,0.0,0.0,1.0,0.0,150,0
22.0,1,0,66.6,1.0,0.0,0.0,0.0,1.0,0.0,0.0,0.0,1.0,151,1
55.5,0,0,8.05,0.0,0.0,1.0,0.0,1.0,0.0,0.0,1.0,0.0,152,0
40.5,0,2,14.5,0.0,0.0,1.0,0.0,1.0,0.0,0.0,1.0,0.0,153,0
0.0,0,0,7.3125,0.0,0.0,1.0,0.0,1.0,0.0,0.0,1.0,0.0,154,0
51.0,0,1,61.3792,1.0,0.0,0.0,1.0,0.0,0.0,0.0,1.0,0.0,155,0
16.0,0,0,7.7333,0.0,0.0,1.0,0.0,0.0,1.0,0.0,0.0,1.0,156,1
30.0,0,0,8.05,0.0,0.0,1.0,0.0,1.0,0.0,0.0,1.0,0.0,157,0
0.0,0,0,8.6625,0.0,0.0,1.0,0.0,1.0,0.0,0.0,1.0,0.0,158,0
0.0,8,2,69.55,0.0,0.0,1.0,0.0,1.0,0.0,0.0,1.0,0.0,159,0
44.0,0,1,16.1,0.0,0.0,1.0,0.0,1.0,0.0,0.0,1.0,0.0,160,0
40.0,0,0,15.75,0.0,1.0,0.0,0.0,1.0,0.0,0.0,0.0,1.0,161,1
26.0,0,0,7.775,0.0,0.0,1.0,0.0,1.0,0.0,0.0,1.0,0.0,162,0
17.0,0,0,8.6625,0.0,0.0,1.0,0.0,1.0,0.0,0.0,1.0,0.0,163,0
1.0,4,1,39.6875,0.0,0.0,1.0,0.0,1.0,0.0,0.0,1.0,0.0,164,0
9.0,0,2,20.525,0.0,0.0,1.0,0.0,1.0,0.0,0.0,1.0,0.0,165,1
0.0,0,1,55.0,1.0,0.0,0.0,0.0,1.0,0.0,0.0,0.0,1.0,166,1
45.0,1,4,27.9,0.0,0.0,1.0,0.0,1.0,0.0,0.0,0.0,1.0,167,0
0.0,0,0,25.925,1.0,0.0,0.0,0.0,1.0,0.0,0.0,1.0,0.0,168,0
28.0,0,0,56.4958,0.0,0.0,1.0,0.0,1.0,0.0,0.0,1.0,0.0,169,0
61.0,0,0,33.5,1.0,0.0,0.0,0.0,1.0,0.0,0.0,1.0,0.0,170,0
4.0,4,1,29.125,0.0,0.0,1.0,0.0,0.0,1.0,0.0,1.0,0.0,171,0
1.0,1,1,11.1333,0.0,0.0,1.0,0.0,1.0,0.0,0.0,0.0,1.0,172,1
21.0,0,0,7.925,0.0,0.0,1.0,0.0,1.0,0.0,0.0,1.0,0.0,173,0
56.0,0,0,30.6958,1.0,0.0,0.0,1.0,0.0,0.0,0.0,1.0,0.0,174,0
18.0,1,1,7.8542,0.0,0.0,1.0,0.0,1.0,0.0,0.0,1.0,0.0,175,0
0.0,3,1,25.4667,0.0,0.0,1.0,0.0,1.0,0.0,0.0,1.0,0.0,176,0
50.0,0,0,28.7125,1.0,0.0,0.0,1.0,0.0,0.0,0.0,0.0,1.0,177,0
30.0,0,0,13.0,0.0,1.0,0.0,0.0,1.0,0.0,0.0,1.0,0.0,178,0
36.0,0,0,0.0,0.0,0.0,1.0,0.0,1.0,0.0,0.0,1.0,0.0,179,0
0.0,8,2,69.55,0.0,0.0,1.0,0.0,1.0,0.0,0.0,0.0,1.0,180,0
0.0,0,0,15.05,0.0,1.0,0.0,1.0,0.0,0.0,0.0,1.0,0.0,181,0
9.0,4,2,31.3875,0.0,0.0,1.0,0.0,1.0,0.0,0.0,1.0,0.0,182,0
1.0,2,1,39.0,0.0,1.0,0.0,0.0,1.0,0.0,0.0,1.0,0.0,183,1
4.0,0,2,22.025,0.0,0.0,1.0,0.0,1.0,0.0,0.0,0.0,1.0,184,1
0.0,0,0,50.0,1.0,0.0,0.0,0.0,1.0,0.0,0.0,1.0,0.0,185,0
0.0,1,0,15.5,0.0,0.0,1.0,0.0,0.0,1.0,0.0,0.0,1.0,186,1
45.0,0,0,26.55,1.0,0.0,0.0,0.0,1.0,0.0,0.0,1.0,0.0,187,1
40.0,1,1,15.5,0.0,0.0,1.0,0.0,0.0,1.0,0.0,1.0,0.0,188,0
36.0,0,0,7.8958,0.0,0.0,1.0,0.0,1.0,0.0,0.0,1.0,0.0,189,0
32.0,0,0,13.0,0.0,1.0,0.0,0.0,1.0,0.0,0.0,0.0,1.0,190,1
19.0,0,0,13.0,0.0,1.0,0.0,0.0,1.0,0.0,0.0,1.0,0.0,191,0
19.0,1,0,7.8542,0.0,0.0,1.0,0.0,1.0,0.0,0.0,0.0,1.0,192,1
3.0,1,1,26.0,0.0,1.0,0.0,0.0,1.0,0.0,0.0,1.0,0.0,193,1
44.0,0,0,27.7208,1.0,0.0,0.0,1.0,0.0,0.0,0.0,0.0,1.0,194,1
58.0,0,0,146.5208,1.0,0.0,0.0,1.0,0.0,0.0,0.0,0.0,1.0,195,1
0.0,0,0,7.75,0.0,0.0,1.0,0.0,0.0,1.0,0.0,1.0,0.0,196,0
42.0,0,1,8.4042,0.0,0.0,1.0,0.0,1.0,0.0,0.0,1.0,0.0,197,0
0.0,0,0,7.75,0.0,0.0,1.0,0.0,0.0,1.0,0.0,0.0,1.0,198,1
24.0,0,0,13.0,0.0,1.0,0.0,0.0,1.0,0.0,0.0,0.0,1.0,199,0
28.0,0,0,9.5,0.0,0.0,1.0,0.0,1.0,0.0,0.0,1.0,0.0,200,0
0.0,8,2,69.55,0.0,0.0,1.0,0.0,1.0,0.0,0.0,1.0,0.0,201,0
34.0,0,0,6.4958,0.0,0.0,1.0,0.0,1.0,0.0,0.0,1.0,0.0,202,0
45.5,0,0,7.225,0.0,0.0,1.0,1.0,0.0,0.0,0.0,1.0,0.0,203,0
18.0,0,0,8.05,0.0,0.0,1.0,0.0,1.0,0.0,0.0,1.0,0.0,204,1
2.0,0,1,10.4625,0.0,0.0,1.0,0.0,1.0,0.0,0.0,0.0,1.0,205,0
32.0,1,0,15.85,0.0,0.0,1.0,0.0,1.0,0.0,0.0,1.0,0.0,206,0
26.0,0,0,18.7875,0.0,0.0,1.0,1.0,0.0,0.0,0.0,1.0,0.0,207,1
16.0,0,0,7.75,0.0,0.0,1.0,0.0,0.0,1.0,0.0,0.0,1.0,208,1
40.0,0,0,31.0,1.0,0.0,0.0,1.0,0.0,0.0,0.0,1.0,0.0,209,1
24.0,0,0,7.05,0.0,0.0,1.0,0.0,1.0,0.0,0.0,1.0,0.0,210,0
35.0,0,0,21.0,0.0,1.0,0.0,0.0,1.0,0.0,0.0,0.0,1.0,211,1
22.0,0,0,7.25,0.0,0.0,1.0,0.0,1.0,0.0,0.0,1.0,0.0,212,0
30.0,0,0,13.0,0.0,1.0,0.0,0.0,1.0,0.0,0.0,1.0,0.0,213,0
0.0,1,0,7.75,0.0,0.0,1.0,0.0,0.0,1.0,0.0,1.0,0.0,214,0
31.0,1,0,113.275,1.0,0.0,0.0,1.0,0.0,0.0,0.0,0.0,1.0,215,1
27.0,0,0,7.925,0.0,0.0,1.0,0.0,1.0,0.0,0.0,0.0,1.0,216,1
42.0,1,0,27.0,0.0,1.0,0.0,0.0,1.0,0.0,0.0,1.0,0.0,217,0
32.0,0,0,76.2917,1.0,0.0,0.0,1.0,0.0,0.0,0.0,0.0,1.0,218,1
30.0,0,0,10.5,0.0,1.0,0.0,0.0,1.0,0.0,0.0,1.0,0.0,219,0
16.0,0,0,8.05,0.0,0.0,1.0,0.0,1.0,0.0,0.0,1.0,0.0,220,1
27.0,0,0,13.0,0.0,1.0,0.0,0.0,1.0,0.0,0.0,1.0,0.0,221,0
51.0,0,0,8.05,0.0,0.0,1.0,0.0,1.0,0.0,0.0,1.0,0.0,222,0
0.0,0,0,7.8958,0.0,0.0,1.0,0.0,1.0,0.0,0.0,1.0,0.0,223,0
38.0,1,0,90.0,1.0,0.0,0.0,0.0,1.0,0.0,0.0,1.0,0.0,224,1
22.0,0,0,9.35,0.0,0.0,1.0,0.0,1.0,0.0,0.0,1.0,0.0,225,0
19.0,0,0,10.5,0.0,1.0,0.0,0.0,1.0,0.0,0.0,1.0,0.0,226,1
20.5,0,0,7.25,0.0,0.0,1.0,0.0,1.0,0.0,0.0,1.0,0.0,227,0
18.0,0,0,13.0,0.0,1.0,0.0,0.0,1.0,0.0,0.0,1.0,0.0,228,0
0.0,3,1,25.4667,0.0,0.0,1.0,0.0,1.0,0.0,0.0,0.0,1.0,229,0
35.0,1,0,83.475,1.0,0.0,0.0,0.0,1.0,0.0,0.0,0.0,1.0,230,1
29.0,0,0,7.775,0.0,0.0,1.0,0.0,1.0,0.0,0.0,1.0,0.0,231,0
59.0,0,0,13.5,0.0,1.0,0.0,0.0,1.0,0.0,0.0,1.0,0.0,232,0
5.0,4,2,31.3875,0.0,0.0,1.0,0.0,1.0,0.0,0.0,0.0,1.0,233,1
24.0,0,0,10.5,0.0,1.0,0.0,0.0,1.0,0.0,0.0,1.0,0.0,234,0
0.0,0,0,7.55,0.0,0.0,1.0,0.0,1.0,0.0,0.0,0.0,1.0,235,0
44.0,1,0,26.0,0.0,1.0,0.0,0.0,1.0,0.0,0.0,1.0,0.0,236,0
8.0,0,2,26.25,0.0,1.0,0.0,0.0,1.0,0.0,0.0,0.0,1.0,237,1
19.0,0,0,10.5,0.0,1.0,0.0,0.0,1.0,0.0,0.0,1.0,0.0,238,0
33.0,0,0,12.275,0.0,1.0,0.0,0.0,1.0,0.0,0.0,1.0,0.0,239,0
0.0,1,0,14.4542,0.0,0.0,1.0,1.0,0.0,0.0,0.0,0.0,1.0,240,0
0.0,1,0,15.5,0.0,0.0,1.0,0.0,0.0,1.0,0.0,0.0,1.0,241,1
29.0,0,0,10.5,0.0,1.0,0.0,0.0,1.0,0.0,0.0,1.0,0.0,242,0
22.0,0,0,7.125,0.0,0.0,1.0,0.0,1.0,0.0,0.0,1.0,0.0,243,0
30.0,0,0,7.225,0.0,0.0,1.0,1.0,0.0,0.0,0.0,1.0,0.0,244,0
44.0,2,0,90.0,1.0,0.0,0.0,0.0,0.0,1.0,0.0,1.0,0.0,245,0
25.0,0,0,7.775,0.0,0.0,1.0,0.0,1.0,0.0,0.0,0.0,1.0,246,0
24.0,0,2,14.5,0.0,1.0,0.0,0.0,1.0,0.0,0.0,0.0,1.0,247,1
37.0,1,1,52.5542,1.0,0.0,0.0,0.0,1.0,0.0,0.0,1.0,0.0,248,1
54.0,1,0,26.0,0.0,1.0,0.0,0.0,1.0,0.0,0.0,1.0,0.0,249,0
0.0,0,0,7.25,0.0,0.0,1.0,0.0,1.0,0.0,0.0,1.0,0.0,250,0
29.0,1,1,10.4625,0.0,0.0,1.0,0.0,1.0,0.0,0.0,0.0,1.0,251,0
62.0,0,0,26.55,1.0,0.0,0.0,0.0,1.0,0.0,0.0,1.0,0.0,252,0
30.0,1,0,16.1,0.0,0.0,1.0,0.0,1.0,0.0,0.0,1.0,0.0,253,0
41.0,0,2,20.2125,0.0,0.0,1.0,0.0,1.0,0.0,0.0,0.0,1.0,254,0
29.0,0,2,15.2458,0.0,0.0,1.0,1.0,0.0,0.0,0.0,0.0,1.0,255,1
0.0,0,0,79.2,1.0,0.0,0.0,1.0,0.0,0.0,0.0,0.0,1.0,256,1
30.0,0,0,86.5,1.0,0.0,0.0,0.0,1.0,0.0,0.0,0.0,1.0,257,1
35.0,0,0,512.3292,1.0,0.0,0.0,1.0,0.0,0.0,0.0,0.0,1.0,258,1
50.0,0,1,26.0,0.0,1.0,0.0,0.0,1.0,0.0,0.0,0.0,1.0,259,1
0.0,0,0,7.75,0.0,0.0,1.0,0.0,0.0,1.0,0.0,1.0,0.0,260,0
3.0,4,2,31.3875,0.0,0.0,1.0,0.0,1.0,0.0,0.0,1.0,0.0,261,1
52.0,1,1,79.65,1.0,0.0,0.0,0.0,1.0,0.0,0.0,1.0,0.0,262,0
40.0,0,0,0.0,1.0,0.0,0.0,0.0,1.0,0.0,0.0,1.0,0.0,263,0
0.0,0,0,7.75,0.0,0.0,1.0,0.0,0.0,1.0,0.0,0.0,1.0,264,0
36.0,0,0,10.5,0.0,1.0,0.0,0.0,1.0,0.0,0.0,1.0,0.0,265,0
16.0,4,1,39.6875,0.0,0.0,1.0,0.0,1.0,0.0,0.0,1.0,0.0,266,0
25.0,1,0,7.775,0.0,0.0,1.0,0.0,1.0,0.0,0.0,1.0,0.0,267,1
58.0,0,1,153.4625,1.0,0.0,0.0,0.0,1.0,0.0,0.0,0.0,1.0,268,1
35.0,0,0,135.6333,1.0,0.0,0.0,0.0,1.0,0.0,0.0,0.0,1.0,269,1
0.0,0,0,31.0,1.0,0.0,0.0,0.0,1.0,0.0,0.0,1.0,0.0,270,0
25.0,0,0,0.0,0.0,0.0,1.0,0.0,1.0,0.0,0.0,1.0,0.0,271,1
41.0,0,1,19.5,0.0,1.0,0.0,0.0,1.0,0.0,0.0,0.0,1.0,272,1
37.0,0,1,29.7,1.0,0.0,0.0,1.0,0.0,0.0,0.0,1.0,0.0,273,0
0.0,0,0,7.75,0.0,0.0,1.0,0.0,0.0,1.0,0.0,0.0,1.0,274,1
63.0,1,0,77.9583,1.0,0.0,0.0,0.0,1.0,0.0,0.0,0.0,1.0,275,1
45.0,0,0,7.75,0.0,0.0,1.0,0.0,1.0,0.0,0.0,0.0,1.0,276,0
0.0,0,0,0.0,0.0,1.0,0.0,0.0,1.0,0.0,0.0,1.0,0.0,277,0
7.0,4,1,29.125,0.0,0.0,1.0,0.0,0.0,1.0,0.0,1.0,0.0,278,0
35.0,1,1,20.25,0.0,0.0,1.0,0.0,1.0,0.0,0.0,0.0,1.0,279,1
65.0,0,0,7.75,0.0,0.0,1.0,0.0,0.0,1.0,0.0,1.0,0.0,280,0
28.0,0,0,7.8542,0.0,0.0,1.0,0.0,1.0,0.0,0.0,1.0,0.0,281,0
16.0,0,0,9.5,0.0,0.0,1.0,0.0,1.0,0.0,0.0,1.0,0.0,282,0
19.0,0,0,8.05,0.0,0.0,1.0,0.0,1.0,0.0,0.0,1.0,0.0,283,1
0.0,0,0,26.0,1.0,0.0,0.0,0.0,1.0,0.0,0.0,1.0,0.0,284,0
33.0,0,0,8.6625,0.0,0.0,1.0,1.0,0.0,0.0,0.0,1.0,0.0,285,0
30.0,0,0,9.5,0.0,0.0,1.0,0.0,1.0,0.0,0.0,1.0,0.0,286,1
22.0,0,0,7.8958,0.0,0.0,1.0,0.0,1.0,0.0,0.0,1.0,0.0,287,0
42.0,0,0,13.0,0.0,1.0,0.0,0.0,1.0,0.0,0.0,1.0,0.0,288,1
22.0,0,0,7.75,0.0,0.0,1.0,0.0,0.0,1.0,0.0,0.0,1.0,289,1
26.0,0,0,78.85,1.0,0.0,0.0,0.0,1.0,0.0,0.0,0.0,1.0,290,1
19.0,1,0,91.0792,1.0,0.0,0.0,1.0,0.0,0.0,0.0,0.0,1.0,291,1
36.0,0,0,12.875,0.0,1.0,0.0,1.0,0.0,0.0,0.0,1.0,0.0,292,0
24.0,0,0,8.85,0.0,0.0,1.0,0.0,1.0,0.0,0.0,0.0,1.0,293,0
24.0,0,0,7.8958,0.0,0.0,1.0,0.0,1.0,0.0,0.0,1.0,0.0,294,0
0.0,0,0,27.7208,1.0,0.0,0.0,1.0,0.0,0.0,0.0,1.0,0.0,295,0
23.5,0,0,7.2292,0.0,0.0,1.0,1.0,0.0,0.0,0.0,1.0,0.0,296,0
2.0,1,2,151.55,1.0,0.0,0.0,0.0,1.0,0.0,0.0,0.0,1.0,297,0
0.0,0,0,30.5,1.0,0.0,0.0,0.0,1.0,0.0,0.0,1.0,0.0,298,1
50.0,0,1,247.5208,1.0,0.0,0.0,1.0,0.0,0.0,0.0,0.0,1.0,299,1
0.0,0,0,7.75,0.0,0.0,1.0,0.0,0.0,1.0,0.0,0.0,1.0,300,1
0.0,2,0,23.25,0.0,0.0,1.0,0.0,0.0,1.0,0.0,1.0,0.0,301,1
19.0,0,0,0.0,0.0,0.0,1.0,0.0,1.0,0.0,0.0,1.0,0.0,302,0
0.0,0,0,12.35,0.0,1.0,0.0,0.0,0.0,1.0,0.0,0.0,1.0,303,1
0.0,0,0,8.05,0.0,0.0,1.0,0.0,1.0,0.0,0.0,1.0,0.0,304,0
0.92,1,2,151.55,1.0,0.0,0.0,0.0,1.0,0.0,0.0,1.0,0.0,305,1
0.0,0,0,110.8833,1.0,0.0,0.0,1.0,0.0,0.0,0.0,0.0,1.0,306,1
17.0,1,0,108.9,1.0,0.0,0.0,1.0,0.0,0.0,0.0,0.0,1.0,307,1
30.0,1,0,24.0,0.0,1.0,0.0,1.0,0.0,0.0,0.0,1.0,0.0,308,0
30.0,0,0,56.9292,1.0,0.0,0.0,1.0,0.0,0.0,0.0,0.0,1.0,309,1
24.0,0,0,83.1583,1.0,0.0,0.0,1.0,0.0,0.0,0.0,0.0,1.0,310,1
18.0,2,2,262.375,1.0,0.0,0.0,1.0,0.0,0.0,0.0,0.0,1.0,311,1
26.0,1,1,26.0,0.0,1.0,0.0,0.0,1.0,0.0,0.0,0.0,1.0,312,0
28.0,0,0,7.8958,0.0,0.0,1.0,0.0,1.0,0.0,0.0,1.0,0.0,313,0
43.0,1,1,26.25,0.0,1.0,0.0,0.0,1.0,0.0,0.0,1.0,0.0,314,0
26.0,0,0,7.8542,0.0,0.0,1.0,0.0,1.0,0.0,0.0,0.0,1.0,315,1
24.0,1,0,26.0,0.0,1.0,0.0,0.0,1.0,0.0,0.0,0.0,1.0,316,1
54.0,0,0,14.0,0.0,1.0,0.0,0.0,1.0,0.0,0.0,1.0,0.0,317,0
31.0,0,2,164.8667,1.0,0.0,0.0,0.0,1.0,0.0,0.0,0.0,1.0,318,1
40.0,1,1,134.5,1.0,0.0,0.0,1.0,0.0,0.0,0.0,0.0,1.0,319,1
22.0,0,0,7.25,0.0,0.0,1.0,0.0,1.0,0.0,0.0,1.0,0.0,320,0
27.0,0,0,7.8958,0.0,0.0,1.0,0.0,1.0,0.0,0.0,1.0,0.0,321,0
30.0,0,0,12.35,0.0,1.0,0.0,0.0,0.0,1.0,0.0,0.0,1.0,322,1
22.0,1,1,29.0,0.0,1.0,0.0,0.0,1.0,0.0,0.0,0.0,1.0,323,1
0.0,8,2,69.55,0.0,0.0,1.0,0.0,1.0,0.0,0.0,1.0,0.0,324,0
36.0,0,0,135.6333,1.0,0.0,0.0,1.0,0.0,0.0,0.0,0.0,1.0,325,1
61.0,0,0,6.2375,0.0,0.0,1.0,0.0,1.0,0.0,0.0,1.0,0.0,326,0
36.0,0,0,13.0,0.0,1.0,0.0,0.0,1.0,0.0,0.0,0.0,1.0,327,1
31.0,1,1,20.525,0.0,0.0,1.0,0.0,1.0,0.0,0.0,0.0,1.0,328,1
16.0,0,1,57.9792,1.0,0.0,0.0,1.0,0.0,0.0,0.0,0.0,1.0,329,1
0.0,2,0,23.25,0.0,0.0,1.0,0.0,0.0,1.0,0.0,0.0,1.0,330,1
45.5,0,0,28.5,1.0,0.0,0.0,0.0,1.0,0.0,0.0,1.0,0.0,331,0
38.0,0,1,153.4625,1.0,0.0,0.0,0.0,1.0,0.0,0.0,1.0,0.0,332,0
16.0,2,0,18.0,0.0,0.0,1.0,0.0,1.0,0.0,0.0,1.0,0.0,333,0
0.0,1,0,133.65,1.0,0.0,0.0,0.0,1.0,0.0,0.0,0.0,1.0,334,1
0.0,0,0,7.8958,0.0,0.0,1.0,0.0,1.0,0.0,0.0,1.0,0.0,335,0
29.0,1,0,66.6,1.0,0.0,0.0,0.0,1.0,0.0,0.0,1.0,0.0,336,0
41.0,0,0,134.5,1.0,0.0,0.0,1.0,0.0,0.0,0.0,0.0,1.0,337,1
45.0,0,0,8.05,0.0,0.0,1.0,0.0,1.0,0.0,0.0,1.0,0.0,338,1
45.0,0,0,35.5,1.0,0.0,0.0,0.0,1.0,0.0,0.0,1.0,0.0,339,0
2.0,1,1,26.0,0.0,1.0,0.0,0.0,1.0,0.0,0.0,1.0,0.0,340,1
24.0,3,2,263.0,1.0,0.0,0.0,0.0,1.0,0.0,0.0,0.0,1.0,341,1
28.0,0,0,13.0,0.0,1.0,0.0,0.0,1.0,0.0,0.0,1.0,0.0,342,0
25.0,0,0,13.0,0.0,1.0,0.0,0.0,1.0,0.0,0.0,1.0,0.0,343,0
36.0,0,0,13.0,0.0,1.0,0.0,0.0,1.0,0.0,0.0,1.0,0.0,344,0
24.0,0,0,13.0,0.0,1.0,0.0,0.0,1.0,0.0,0.0,0.0,1.0,345,1
40.0,0,0,13.0,0.0,1.0,0.0,0.0,1.0,0.0,0.0,0.0,1.0,346,1
0.0,1,0,16.1,0.0,0.0,1.0,0.0,1.0,0.0,0.0,0.0,1.0,347,1
3.0,1,1,15.9,0.0,0.0,1.0,0.0,1.0,0.0,0.0,1.0,0.0,348,1
42.0,0,0,8.6625,0.0,0.0,1.0,0.0,1.0,0.0,0.0,1.0,0.0,349,0
23.0,0,0,9.225,0.0,0.0,1.0,0.0,1.0,0.0,0.0,1.0,0.0,350,0
0.0,0,0,35.0,1.0,0.0,0.0,0.0,1.0,0.0,0.0,1.0,0.0,351,0
15.0,1,1,7.2292,0.0,0.0,1.0,1.0,0.0,0.0,0.0,1.0,0.0,352,0
25.0,1,0,17.8,0.0,0.0,1.0,0.0,1.0,0.0,0.0,1.0,0.0,353,0
0.0,0,0,7.225,0.0,0.0,1.0,1.0,0.0,0.0,0.0,1.0,0.0,354,0
28.0,0,0,9.5,0.0,0.0,1.0,0.0,1.0,0.0,0.0,1.0,0.0,355,0
22.0,0,1,55.0,1.0,0.0,0.0,0.0,1.0,0.0,0.0,0.0,1.0,356,1
38.0,0,0,13.0,0.0,1.0,0.0,0.0,1.0,0.0,0.0,0.0,1.0,357,0
0.0,0,0,7.8792,0.0,0.0,1.0,0.0,0.0,1.0,0.0,0.0,1.0,358,1
0.0,0,0,7.8792,0.0,0.0,1.0,0.0,0.0,1.0,0.0,0.0,1.0,359,1
40.0,1,4,27.9,0.0,0.0,1.0,0.0,1.0,0.0,0.0,1.0,0.0,360,0
29.0,1,0,27.7208,0.0,1.0,0.0,1.0,0.0,0.0,0.0,1.0,0.0,361,0
45.0,0,1,14.4542,0.0,0.0,1.0,1.0,0.0,0.0,0.0,0.0,1.0,362,0
35.0,0,0,7.05,0.0,0.0,1.0,0.0,1.0,0.0,0.0,1.0,0.0,363,0
0.0,1,0,15.5,0.0,0.0,1.0,0.0,0.0,1.0,0.0,1.0,0.0,364,0
30.0,0,0,7.25,0.0,0.0,1.0,0.0,1.0,0.0,0.0,1.0,0.0,365,0
60.0,1,0,75.25,1.0,0.0,0.0,1.0,0.0,0.0,0.0,0.0,1.0,366,1
0.0,0,0,7.2292,0.0,0.0,1.0,1.0,0.0,0.0,0.0,0.0,1.0,367,1
0.0,0,0,7.75,0.0,0.0,1.0,0.0,0.0,1.0,0.0,0.0,1.0,368,1
24.0,0,0,69.3,1.0,0.0,0.0,1.0,0.0,0.0,0.0,0.0,1.0,369,1
25.0,1,0,55.4417,1.0,0.0,0.0,1.0,0.0,0.0,0.0,1.0,0.0,370,1
18.0,1,0,6.4958,0.0,0.0,1.0,0.0,1.0,0.0,0.0,1.0,0.0,371,0
19.0,0,0,8.05,0.0,0.0,1.0,0.0,1.0,0.0,0.0,1.0,0.0,372,0
22.0,0,0,135.6333,1.0,0.0,0.0,1.0,0.0,0.0,0.0,1.0,0.0,373,0
3.0,3,1,21.075,0.0,0.0,1.0,0.0,1.0,0.0,0.0,0.0,1.0,374,0
0.0,1,0,82.1708,1.0,0.0,0.0,1.0,0.0,0.0,0.0,0.0,1.0,375,1
22.0,0,0,7.25,0.0,0.0,1.0,0.0,1.0,0.0,0.0,0.0,1.0,376,1
27.0,0,2,211.5,1.0,0.0,0.0,1.0,0.0,0.0,0.0,1.0,0.0,377,0
20.0,0,0,4.0125,0.0,0.0,1.0,1.0,0.0,0.0,0.0,1.0,0.0,378,0
19.0,0,0,7.775,0.0,0.0,1.0,0.0,1.0,0.0,0.0,1.0,0.0,379,0
42.0,0,0,227.525,1.0,0.0,0.0,1.0,0.0,0.0,0.0,0.0,1.0,380,1
1.0,0,2,15.7417,0.0,0.0,1.0,1.0,0.0,0.0,0.0,0.0,1.0,381,1
32.0,0,0,7.925,0.0,0.0,1.0,0.0,1.0,0.0,0.0,1.0,0.0,382,0
35.0,1,0,52.0,1.0,0.0,0.0,0.0,1.0,0.0,0.0,0.0,1.0,383,1
0.0,0,0,7.8958,0.0,0.0,1.0,0.0,1.0,0.0,0.0,1.0,0.0,384,0
18.0,0,0,73.5,0.0,1.0,0.0,0.0,1.0,0.0,0.0,1.0,0.0,385,0
1.0,5,2,46.9,0.0,0.0,1.0,0.0,1.0,0.0,0.0,1.0,0.0,386,0
36.0,0,0,13.0,0.0,1.0,0.0,0.0,1.0,0.0,0.0,0.0,1.0,387,1
0.0,0,0,7.7292,0.0,0.0,1.0,0.0,0.0,1.0,0.0,1.0,0.0,388,0
17.0,0,0,12.0,0.0,1.0,0.0,1.0,0.0,0.0,0.0,0.0,1.0,389,1
36.0,1,2,120.0,1.0,0.0,0.0,0.0,1.0,0.0,0.0,1.0,0.0,390,1
21.0,0,0,7.7958,0.0,0.0,1.0,0.0,1.0,0.0,0.0,1.0,0.0,391,1
28.0,2,0,7.925,0.0,0.0,1.0,0.0,1.0,0.0,0.0,1.0,0.0,392,0
23.0,1,0,113.275,1.0,0.0,0.0,1.0,0.0,0.0,0.0,0.0,1.0,393,1
24.0,0,2,16.7,0.0,0.0,1.0,0.0,1.0,0.0,0.0,0.0,1.0,394,1
22.0,0,0,7.7958,0.0,0.0,1.0,0.0,1.0,0.0,0.0,1.0,0.0,395,0
31.0,0,0,7.8542,0.0,0.0,1.0,0.0,1.0,0.0,0.0,0.0,1.0,396,0
46.0,0,0,26.0,0.0,1.0,0.0,0.0,1.0,0.0,0.0,1.0,0.0,397,0
23.0,0,0,10.5,0.0,1.0,0.0,0.0,1.0,0.0,0.0,1.0,0.0,398,0
28.0,0,0,12.65,0.0,1.0,0.0,0.0,1.0,0.0,0.0,0.0,1.0,399,1
39.0,0,0,7.925,0.0,0.0,1.0,0.0,1.0,0.0,0.0,1.0,0.0,400,1
26.0,0,0,8.05,0.0,0.0,1.0,0.0,1.0,0.0,0.0,1.0,0.0,401,0
21.0,1,0,9.825,0.0,0.0,1.0,0.0,1.0,0.0,0.0,0.0,1.0,402,0
28.0,1,0,15.85,0.0,0.0,1.0,0.0,1.0,0.0,0.0,1.0,0.0,403,0
20.0,0,0,8.6625,0.0,0.0,1.0,0.0,1.0,0.0,0.0,0.0,1.0,404,0
34.0,1,0,21.0,0.0,1.0,0.0,0.0,1.0,0.0,0.0,1.0,0.0,405,0
51.0,0,0,7.75,0.0,0.0,1.0,0.0,1.0,0.0,0.0,1.0,0.0,406,0
3.0,1,1,18.75,0.0,1.0,0.0,0.0,1.0,0.0,0.0,1.0,0.0,407,1
21.0,0,0,7.775,0.0,0.0,1.0,0.0,1.0,0.0,0.0,1.0,0.0,408,0
0.0,3,1,25.4667,0.0,0.0,1.0,0.0,1.0,0.0,0.0,0.0,1.0,409,0
0.0,0,0,7.8958,0.0,0.0,1.0,0.0,1.0,0.0,0.0,1.0,0.0,410,0
0.0,0,0,6.8583,0.0,0.0,1.0,0.0,0.0,1.0,0.0,1.0,0.0,411,0
33.0,1,0,90.0,1.0,0.0,0.0,0.0,0.0,1.0,0.0,0.0,1.0,412,1
0.0,0,0,0.0,0.0,1.0,0.0,0.0,1.0,0.0,0.0,1.0,0.0,413,0
44.0,0,0,7.925,0.0,0.0,1.0,0.0,1.0,0.0,0.0,1.0,0.0,414,1
0.0,0,0,8.05,0.0,0.0,1.0,0.0,1.0,0.0,0.0,0.0,1.0,415,0
34.0,1,1,32.5,0.0,1.0,0.0,0.0,1.0,0.0,0.0,0.0,1.0,416,1
18.0,0,2,13.0,0.0,1.0,0.0,0.0,1.0,0.0,0.0,0.0,1.0,417,1
30.0,0,0,13.0,0.0,1.0,0.0,0.0,1.0,0.0,0.0,1.0,0.0,418,0
10.0,0,2,24.15,0.0,0.0,1.0,0.0,1.0,0.0,0.0,0.0,1.0,419,0
0.0,0,0,7.8958,0.0,0.0,1.0,1.0,0.0,0.0,0.0,1.0,0.0,420,0
21.0,0,0,7.7333,0.0,0.0,1.0,0.0,0.0,1.0,0.0,1.0,0.0,421,0
29.0,0,0,7.875,0.0,0.0,1.0,0.0,1.0,0.0,0.0,1.0,0.0,422,0
28.0,1,1,14.4,0.0,0.0,1.0,0.0,1.0,0.0,0.0,0.0,1.0,423,0
18.0,1,1,20.2125,0.0,0.0,1.0,0.0,1.0,0.0,0.0,1.0,0.0,424,0
0.0,0,0,7.25,0.0,0.0,1.0,0.0,1.0,0.0,0.0,1.0,0.0,425,0
28.0,1,0,26.0,0.0,1.0,0.0,0.0,1.0,0.0,0.0,0.0,1.0,426,1
19.0,0,0,26.0,0.0,1.0,0.0,0.0,1.0,0.0,0.0,0.0,1.0,427,1
0.0,0,0,7.75,0.0,0.0,1.0,0.0,0.0,1.0,0.0,1.0,0.0,428,0
32.0,0,0,8.05,0.0,0.0,1.0,0.0,1.0,0.0,0.0,1.0,0.0,429,1
28.0,0,0,26.55,1.0,0.0,0.0,0.0,1.0,0.0,0.0,1.0,0.0,430,1
0.0,1,0,16.1,0.0,0.0,1.0,0.0,1.0,0.0,0.0,0.0,1.0,431,1
42.0,1,0,26.0,0.0,1.0,0.0,0.0,1.0,0.0,0.0,0.0,1.0,432,1
17.0,0,0,7.125,0.0,0.0,1.0,0.0,1.0,0.0,0.0,1.0,0.0,433,0
50.0,1,0,55.9,1.0,0.0,0.0,0.0,1.0,0.0,0.0,1.0,0.0,434,0
14.0,1,2,120.0,1.0,0.0,0.0,0.0,1.0,0.0,0.0,0.0,1.0,435,1
21.0,2,2,34.375,0.0,0.0,1.0,0.0,1.0,0.0,0.0,0.0,1.0,436,0
24.0,2,3,18.75,0.0,1.0,0.0,0.0,1.0,0.0,0.0,0.0,1.0,437,1
64.0,1,4,263.0,1.0,0.0,0.0,0.0,1.0,0.0,0.0,1.0,0.0,438,0
31.0,0,0,10.5,0.0,1.0,0.0,0.0,1.0,0.0,0.0,1.0,0.0,439,0
45.0,1,1,26.25,0.0,1.0,0.0,0.0,1.0,0.0,0.0,0.0,1.0,440,1
20.0,0,0,9.5,0.0,0.0,1.0,0.0,1.0,0.0,0.0,1.0,0.0,441,0
25.0,1,0,7.775,0.0,0.0,1.0,0.0,1.0,0.0,0.0,1.0,0.0,442,0
28.0,0,0,13.0,0.0,1.0,0.0,0.0,1.0,0.0,0.0,0.0,1.0,443,1
0.0,0,0,8.1125,0.0,0.0,1.0,0.0,1.0,0.0,0.0,1.0,0.0,444,1
4.0,0,2,81.8583,1.0,0.0,0.0,0.0,1.0,0.0,0.0,1.0,0.0,445,1
13.0,0,1,19.5,0.0,1.0,0.0,0.0,1.0,0.0,0.0,0.0,1.0,446,1
34.0,0,0,26.55,1.0,0.0,0.0,0.0,1.0,0.0,0.0,1.0,0.0,447,1
5.0,2,1,19.2583,0.0,0.0,1.0,1.0,0.0,0.0,0.0,0.0,1.0,448,1
52.0,0,0,30.5,1.0,0.0,0.0,0.0,1.0,0.0,0.0,1.0,0.0,449,1
36.0,1,2,27.75,0.0,1.0,0.0,0.0,1.0,0.0,0.0,1.0,0.0,450,0
0.0,1,0,19.9667,0.0,0.0,1.0,0.0,1.0,0.0,0.0,1.0,0.0,451,0
30.0,0,0,27.75,1.0,0.0,0.0,1.0,0.0,0.0,0.0,1.0,0.0,452,0
49.0,1,0,89.1042,1.0,0.0,0.0,1.0,0.0,0.0,0.0,1.0,0.0,453,1
0.0,0,0,8.05,0.0,0.0,1.0,0.0,1.0,0.0,0.0,1.0,0.0,454,0
29.0,0,0,7.8958,0.0,0.0,1.0,1.0,0.0,0.0,0.0,1.0,0.0,455,1
65.0,0,0,26.55,1.0,0.0,0.0,0.0,1.0,0.0,0.0,1.0,0.0,456,0
0.0,1,0,51.8625,1.0,0.0,0.0,0.0,1.0,0.0,0.0,0.0,1.0,457,1
50.0,0,0,10.5,0.0,1.0,0.0,0.0,1.0,0.0,0.0,0.0,1.0,458,1
0.0,0,0,7.75,0.0,0.0,1.0,0.0,0.0,1.0,0.0,1.0,0.0,459,0
48.0,0,0,26.55,1.0,0.0,0.0,0.0,1.0,0.0,0.0,1.0,0.0,460,1
34.0,0,0,8.05,0.0,0.0,1.0,0.0,1.0,0.0,0.0,1.0,0.0,461,0
47.0,0,0,38.5,1.0,0.0,0.0,0.0,1.0,0.0,0.0,1.0,0.0,462,0
48.0,0,0,13.0,0.0,1.0,0.0,0.0,1.0,0.0,0.0,1.0,0.0,463,0
0.0,0,0,8.05,0.0,0.0,1.0,0.0,1.0,0.0,0.0,1.0,0.0,464,0
38.0,0,0,7.05,0.0,0.0,1.0,0.0,1.0,0.0,0.0,1.0,0.0,465,0
0.0,0,0,0.0,0.0,1.0,0.0,0.0,1.0,0.0,0.0,1.0,0.0,466,0
56.0,0,0,26.55,1.0,0.0,0.0,0.0,1.0,0.0,0.0,1.0,0.0,467,0
0.0,0,0,7.725,0.0,0.0,1.0,0.0,0.0,1.0,0.0,1.0,0.0,468,0
0.75,2,1,19.2583,0.0,0.0,1.0,1.0,0.0,0.0,0.0,0.0,1.0,469,1
0.0,0,0,7.25,0.0,0.0,1.0,0.0,1.0,0.0,0.0,1.0,0.0,470,0
38.0,0,0,8.6625,0.0,0.0,1.0,0.0,1.0,0.0,0.0,1.0,0.0,471,0
33.0,1,2,27.75,0.0,1.0,0.0,0.0,1.0,0.0,0.0,0.0,1.0,472,1
23.0,0,0,13.7917,0.0,1.0,0.0,1.0,0.0,0.0,0.0,0.0,1.0,473,1
22.0,0,0,9.8375,0.0,0.0,1.0,0.0,1.0,0.0,0.0,0.0,1.0,474,0
0.0,0,0,52.0,1.0,0.0,0.0,0.0,1.0,0.0,0.0,1.0,0.0,475,0
34.0,1,0,21.0,0.0,1.0,0.0,0.0,1.0,0.0,0.0,1.0,0.0,476,0
29.0,1,0,7.0458,0.0,0.0,1.0,0.0,1.0,0.0,0.0,1.0,0.0,477,0
22.0,0,0,7.5208,0.0,0.0,1.0,0.0,1.0,0.0,0.0,1.0,0.0,478,0
2.0,0,1,12.2875,0.0,0.0,1.0,0.0,1.0,0.0,0.0,0.0,1.0,479,1
9.0,5,2,46.9,0.0,0.0,1.0,0.0,1.0,0.0,0.0,1.0,0.0,480,0
0.0,0,0,0.0,0.0,1.0,0.0,0.0,1.0,0.0,0.0,1.0,0.0,481,0
50.0,0,0,8.05,0.0,0.0,1.0,0.0,1.0,0.0,0.0,1.0,0.0,482,0
63.0,0,0,9.5875,0.0,0.0,1.0,0.0,1.0,0.0,0.0,0.0,1.0,483,1
25.0,1,0,91.0792,1.0,0.0,0.0,1.0,0.0,0.0,0.0,1.0,0.0,484,1
0.0,3,1,25.4667,0.0,0.0,1.0,0.0,1.0,0.0,0.0,0.0,1.0,485,0
35.0,1,0,90.0,1.0,0.0,0.0,0.0,1.0,0.0,0.0,0.0,1.0,486,1
58.0,0,0,29.7,1.0,0.0,0.0,1.0,0.0,0.0,0.0,1.0,0.0,487,0
30.0,0,0,8.05,0.0,0.0,1.0,0.0,1.0,0.0,0.0,1.0,0.0,488,0
9.0,1,1,15.9,0.0,0.0,1.0,0.0,1.0,0.0,0.0,1.0,0.0,489,1
0.0,1,0,19.9667,0.0,0.0,1.0,0.0,1.0,0.0,0.0,1.0,0.0,490,0
21.0,0,0,7.25,0.0,0.0,1.0,0.0,1.0,0.0,0.0,1.0,0.0,491,0
55.0,0,0,30.5,1.0,0.0,0.0,0.0,1.0,0.0,0.0,1.0,0.0,492,0
71.0,0,0,49.5042,1.0,0.0,0.0,1.0,0.0,0.0,0.0,1.0,0.0,493,0
21.0,0,0,8.05,0.0,0.0,1.0,0.0,1.0,0.0,0.0,1.0,0.0,494,0
0.0,0,0,14.4583,0.0,0.0,1.0,1.0,0.0,0.0,0.0,1.0,0.0,495,0
54.0,1,0,78.2667,1.0,0.0,0.0,1.0,0.0,0.0,0.0,0.0,1.0,496,1
0.0,0,0,15.1,0.0,0.0,1.0,0.0,1.0,0.0,0.0,1.0,0.0,497,0
25.0,1,2,151.55,1.0,0.0,0.0,0.0,1.0,0.0,0.0,0.0,1.0,498,0
24.0,0,0,7.7958,0.0,0.0,1.0,0.0,1.0,0.0,0.0,1.0,0.0,499,0
17.0,0,0,8.6625,0.0,0.0,1.0,0.0,1.0,0.0,0.0,1.0,0.0,500,0
21.0,0,0,7.75,0.0,0.0,1.0,0.0,0.0,1.0,0.0,0.0,1.0,501,0
0.0,0,0,7.6292,0.0,0.0,1.0,0.0,0.0,1.0,0.0,0.0,1.0,502,0
37.0,0,0,9.5875,0.0,0.0,1.0,0.0,1.0,0.0,0.0,0.0,1.0,503,0
16.0,0,0,86.5,1.0,0.0,0.0,0.0,1.0,0.0,0.0,0.0,1.0,504,1
18.0,1,0,108.9,1.0,0.0,0.0,1.0,0.0,0.0,0.0,1.0,0.0,505,0
33.0,0,2,26.0,0.0,1.0,0.0,0.0,1.0,0.0,0.0,0.0,1.0,506,1
0.0,0,0,26.55,1.0,0.0,0.0,0.0,1.0,0.0,0.0,1.0,0.0,507,1
28.0,0,0,22.525,0.0,0.0,1.0,0.0,1.0,0.0,0.0,1.0,0.0,508,0
26.0,0,0,56.4958,0.0,0.0,1.0,0.0,1.0,0.0,0.0,1.0,0.0,509,1
29.0,0,0,7.75,0.0,0.0,1.0,0.0,0.0,1.0,0.0,1.0,0.0,510,1
0.0,0,0,8.05,0.0,0.0,1.0,0.0,1.0,0.0,0.0,1.0,0.0,511,0
36.0,0,0,26.2875,1.0,0.0,0.0,0.0,1.0,0.0,0.0,1.0,0.0,512,1
54.0,1,0,59.4,1.0,0.0,0.0,1.0,0.0,0.0,0.0,0.0,1.0,513,1
24.0,0,0,7.4958,0.0,0.0,1.0,0.0,1.0,0.0,0.0,1.0,0.0,514,0
47.0,0,0,34.0208,1.0,0.0,0.0,0.0,1.0,0.0,0.0,1.0,0.0,515,0
34.0,0,0,10.5,0.0,1.0,0.0,0.0,1.0,0.0,0.0,0.0,1.0,516,1
0.0,0,0,24.15,0.0,0.0,1.0,0.0,0.0,1.0,0.0,1.0,0.0,517,0
36.0,1,0,26.0,0.0,1.0,0.0,0.0,1.0,0.0,0.0,0.0,1.0,518,1
32.0,0,0,7.8958,0.0,0.0,1.0,0.0,1.0,0.0,0.0,1.0,0.0,519,0
30.0,0,0,93.5,1.0,0.0,0.0,0.0,1.0,0.0,0.0,0.0,1.0,520,1
22.0,0,0,7.8958,0.0,0.0,1.0,0.0,1.0,0.0,0.0,1.0,0.0,521,0
0.0,0,0,7.225,0.0,0.0,1.0,1.0,0.0,0.0,0.0,1.0,0.0,522,0
44.0,0,1,57.9792,1.0,0.0,0.0,1.0,0.0,0.0,0.0,0.0,1.0,523,1
0.0,0,0,7.2292,0.0,0.0,1.0,1.0,0.0,0.0,0.0,1.0,0.0,524,0
40.5,0,0,7.75,0.0,0.0,1.0,0.0,0.0,1.0,0.0,1.0,0.0,525,0
50.0,0,0,10.5,0.0,1.0,0.0,0.0,1.0,0.0,0.0,0.0,1.0,526,1
0.0,0,0,221.7792,1.0,0.0,0.0,0.0,1.0,0.0,0.0,1.0,0.0,527,0
39.0,0,0,7.925,0.0,0.0,1.0,0.0,1.0,0.0,0.0,1.0,0.0,528,0
23.0,2,1,11.5,0.0,1.0,0.0,0.0,1.0,0.0,0.0,1.0,0.0,529,0
2.0,1,1,26.0,0.0,1.0,0.0,0.0,1.0,0.0,0.0,0.0,1.0,530,1
0.0,0,0,7.2292,0.0,0.0,1.0,1.0,0.0,0.0,0.0,1.0,0.0,531,0
17.0,1,1,7.2292,0.0,0.0,1.0,1.0,0.0,0.0,0.0,1.0,0.0,532,0
0.0,0,2,22.3583,0.0,0.0,1.0,1.0,0.0,0.0,0.0,0.0,1.0,533,1
30.0,0,0,8.6625,0.0,0.0,1.0,0.0,1.0,0.0,0.0,0.0,1.0,534,0
7.0,0,2,26.25,0.0,1.0,0.0,0.0,1.0,0.0,0.0,0.0,1.0,535,1
45.0,0,0,26.55,1.0,0.0,0.0,0.0,1.0,0.0,0.0,1.0,0.0,536,0
30.0,0,0,106.425,1.0,0.0,0.0,1.0,0.0,0.0,0.0,0.0,1.0,537,1
0.0,0,0,14.5,0.0,0.0,1.0,0.0,1.0,0.0,0.0,1.0,0.0,538,0
22.0,0,2,49.5,1.0,0.0,0.0,1.0,0.0,0.0,0.0,0.0,1.0,539,1
36.0,0,2,71.0,1.0,0.0,0.0,0.0,1.0,0.0,0.0,0.0,1.0,540,1
9.0,4,2,31.275,0.0,0.0,1.0,0.0,1.0,0.0,0.0,0.0,1.0,541,0
11.0,4,2,31.275,0.0,0.0,1.0,0.0,1.0,0.0,0.0,0.0,1.0,542,0
32.0,1,0,26.0,0.0,1.0,0.0,0.0,1.0,0.0,0.0,1.0,0.0,543,1
50.0,1,0,106.425,1.0,0.0,0.0,1.0,0.0,0.0,0.0,1.0,0.0,544,0
64.0,0,0,26.0,1.0,0.0,0.0,0.0,1.0,0.0,0.0,1.0,0.0,545,0
19.0,1,0,26.0,0.0,1.0,0.0,0.0,1.0,0.0,0.0,0.0,1.0,546,1
0.0,0,0,13.8625,0.0,1.0,0.0,1.0,0.0,0.0,0.0,1.0,0.0,547,1
33.0,1,1,20.525,0.0,0.0,1.0,0.0,1.0,0.0,0.0,1.0,0.0,548,0
8.0,1,1,36.75,0.0,1.0,0.0,0.0,1.0,0.0,0.0,1.0,0.0,549,1
17.0,0,2,110.8833,1.0,0.0,0.0,1.0,0.0,0.0,0.0,1.0,0.0,550,1
27.0,0,0,26.0,0.0,1.0,0.0,0.0,1.0,0.0,0.0,1.0,0.0,551,0
0.0,0,0,7.8292,0.0,0.0,1.0,0.0,0.0,1.0,0.0,1.0,0.0,552,0
22.0,0,0,7.225,0.0,0.0,1.0,1.0,0.0,0.0,0.0,1.0,0.0,553,1
22.0,0,0,7.775,0.0,0.0,1.0,0.0,1.0,0.0,0.0,0.0,1.0,554,1
62.0,0,0,26.55,1.0,0.0,0.0,0.0,1.0,0.0,0.0,1.0,0.0,555,0
48.0,1,0,39.6,1.0,0.0,0.0,1.0,0.0,0.0,0.0,0.0,1.0,556,1
0.0,0,0,227.525,1.0,0.0,0.0,1.0,0.0,0.0,0.0,1.0,0.0,557,0
39.0,1,1,79.65,1.0,0.0,0.0,0.0,1.0,0.0,0.0,0.0,1.0,558,1
36.0,1,0,17.4,0.0,0.0,1.0,0.0,1.0,0.0,0.0,0.0,1.0,559,1
0.0,0,0,7.75,0.0,0.0,1.0,0.0,0.0,1.0,0.0,1.0,0.0,560,0
40.0,0,0,7.8958,0.0,0.0,1.0,0.0,1.0,0.0,0.0,1.0,0.0,561,0
28.0,0,0,13.5,0.0,1.0,0.0,0.0,1.0,0.0,0.0,1.0,0.0,562,0
0.0,0,0,8.05,0.0,0.0,1.0,0.0,1.0,0.0,0.0,1.0,0.0,563,0
0.0,0,0,8.05,0.0,0.0,1.0,0.0,1.0,0.0,0.0,0.0,1.0,564,0
24.0,2,0,24.15,0.0,0.0,1.0,0.0,1.0,0.0,0.0,1.0,0.0,565,0
19.0,0,0,7.8958,0.0,0.0,1.0,0.0,1.0,0.0,0.0,1.0,0.0,566,0
29.0,0,4,21.075,0.0,0.0,1.0,0.0,1.0,0.0,0.0,0.0,1.0,567,0
0.0,0,0,7.2292,0.0,0.0,1.0,1.0,0.0,0.0,0.0,1.0,0.0,568,0
32.0,0,0,7.8542,0.0,0.0,1.0,0.0,1.0,0.0,0.0,1.0,0.0,569,1
62.0,0,0,10.5,0.0,1.0,0.0,0.0,1.0,0.0,0.0,1.0,0.0,570,1
53.0,2,0,51.4792,1.0,0.0,0.0,0.0,1.0,0.0,0.0,0.0,1.0,571,1
36.0,0,0,26.3875,1.0,0.0,0.0,0.0,1.0,0.0,0.0,1.0,0.0,572,1
0.0,0,0,7.75,0.0,0.0,1.0,0.0,0.0,1.0,0.0,0.0,1.0,573,1
16.0,0,0,8.05,0.0,0.0,1.0,0.0,1.0,0.0,0.0,1.0,0.0,574,0
19.0,0,0,14.5,0.0,0.0,1.0,0.0,1.0,0.0,0.0,1.0,0.0,575,0
34.0,0,0,13.0,0.0,1.0,0.0,0.0,1.0,0.0,0.0,0.0,1.0,576,1
39.0,1,0,55.9,1.0,0.0,0.0,0.0,1.0,0.0,0.0,0.0,1.0,577,1
0.0,1,0,14.4583,0.0,0.0,1.0,1.0,0.0,0.0,0.0,0.0,1.0,578,0
32.0,0,0,7.925,0.0,0.0,1.0,0.0,1.0,0.0,0.0,1.0,0.0,579,1
25.0,1,1,30.0,0.0,1.0,0.0,0.0,1.0,0.0,0.0,0.0,1.0,580,1
39.0,1,1,110.8833,1.0,0.0,0.0,1.0,0.0,0.0,0.0,0.0,1.0,581,1
54.0,0,0,26.0,0.0,1.0,0.0,0.0,1.0,0.0,0.0,1.0,0.0,582,0
36.0,0,0,40.125,1.0,0.0,0.0,1.0,0.0,0.0,0.0,1.0,0.0,583,0
0.0,0,0,8.7125,0.0,0.0,1.0,1.0,0.0,0.0,0.0,1.0,0.0,584,0
18.0,0,2,79.65,1.0,0.0,0.0,0.0,1.0,0.0,0.0,0.0,1.0,585,1
47.0,0,0,15.0,0.0,1.0,0.0,0.0,1.0,0.0,0.0,1.0,0.0,586,0
60.0,1,1,79.2,1.0,0.0,0.0,1.0,0.0,0.0,0.0,1.0,0.0,587,1
22.0,0,0,8.05,0.0,0.0,1.0,0.0,1.0,0.0,0.0,1.0,0.0,588,0
0.0,0,0,8.05,0.0,0.0,1.0,0.0,1.0,0.0,0.0,1.0,0.0,589,0
35.0,0,0,7.125,0.0,0.0,1.0,0.0,1.0,0.0,0.0,1.0,0.0,590,0
52.0,1,0,78.2667,1.0,0.0,0.0,1.0,0.0,0.0,0.0,0.0,1.0,591,1
47.0,0,0,7.25,0.0,0.0,1.0,0.0,1.0,0.0,0.0,1.0,0.0,592,0
0.0,0,2,7.75,0.0,0.0,1.0,0.0,0.0,1.0,0.0,0.0,1.0,593,0
37.0,1,0,26.0,0.0,1.0,0.0,0.0,1.0,0.0,0.0,1.0,0.0,594,0
36.0,1,1,24.15,0.0,0.0,1.0,0.0,1.0,0.0,0.0,1.0,0.0,595,0
0.0,0,0,33.0,0.0,1.0,0.0,0.0,1.0,0.0,0.0,0.0,1.0,596,1
49.0,0,0,0.0,0.0,0.0,1.0,0.0,1.0,0.0,0.0,1.0,0.0,597,0
0.0,0,0,7.225,0.0,0.0,1.0,1.0,0.0,0.0,0.0,1.0,0.0,598,0
49.0,1,0,56.9292,1.0,0.0,0.0,1.0,0.0,0.0,0.0,1.0,0.0,599,1
24.0,2,1,27.0,0.0,1.0,0.0,0.0,1.0,0.0,0.0,0.0,1.0,600,1
0.0,0,0,7.8958,0.0,0.0,1.0,0.0,1.0,0.0,0.0,1.0,0.0,601,0
0.0,0,0,42.4,1.0,0.0,0.0,0.0,1.0,0.0,0.0,1.0,0.0,602,0
44.0,0,0,8.05,0.0,0.0,1.0,0.0,1.0,0.0,0.0,1.0,0.0,603,0
35.0,0,0,26.55,1.0,0.0,0.0,1.0,0.0,0.0,0.0,1.0,0.0,604,1
36.0,1,0,15.55,0.0,0.0,1.0,0.0,1.0,0.0,0.0,1.0,0.0,605,0
30.0,0,0,7.8958,0.0,0.0,1.0,0.0,1.0,0.0,0.0,1.0,0.0,606,0
27.0,0,0,30.5,1.0,0.0,0.0,0.0,1.0,0.0,0.0,1.0,0.0,607,1
22.0,1,2,41.5792,0.0,1.0,0.0,1.0,0.0,0.0,0.0,0.0,1.0,608,1
40.0,0,0,153.4625,1.0,0.0,0.0,0.0,1.0,0.0,0.0,0.0,1.0,609,1
39.0,1,5,31.275,0.0,0.0,1.0,0.0,1.0,0.0,0.0,0.0,1.0,610,0
0.0,0,0,7.05,0.0,0.0,1.0,0.0,1.0,0.0,0.0,1.0,0.0,611,0
0.0,1,0,15.5,0.0,0.0,1.0,0.0,0.0,1.0,0.0,0.0,1.0,612,1
0.0,0,0,7.75,0.0,0.0,1.0,0.0,0.0,1.0,0.0,1.0,0.0,613,0
35.0,0,0,8.05,0.0,0.0,1.0,0.0,1.0,0.0,0.0,1.0,0.0,614,0
24.0,1,2,65.0,0.0,1.0,0.0,0.0,1.0,0.0,0.0,0.0,1.0,615,1
34.0,1,1,14.4,0.0,0.0,1.0,0.0,1.0,0.0,0.0,1.0,0.0,616,0
26.0,1,0,16.1,0.0,0.0,1.0,0.0,1.0,0.0,0.0,0.0,1.0,617,0
4.0,2,1,39.0,0.0,1.0,0.0,0.0,1.0,0.0,0.0,0.0,1.0,618,1
26.0,0,0,10.5,0.0,1.0,0.0,0.0,1.0,0.0,0.0,1.0,0.0,619,0
27.0,1,0,14.4542,0.0,0.0,1.0,1.0,0.0,0.0,0.0,1.0,0.0,620,0
42.0,1,0,52.5542,1.0,0.0,0.0,0.0,1.0,0.0,0.0,1.0,0.0,621,1
20.0,1,1,15.7417,0.0,0.0,1.0,1.0,0.0,0.0,0.0,1.0,0.0,622,1
21.0,0,0,7.8542,0.0,0.0,1.0,0.0,1.0,0.0,0.0,1.0,0.0,623,0
21.0,0,0,16.1,0.0,0.0,1.0,0.0,1.0,0.0,0.0,1.0,0.0,624,0
61.0,0,0,32.3208,1.0,0.0,0.0,0.0,1.0,0.0,0.0,1.0,0.0,625,0
57.0,0,0,12.35,0.0,1.0,0.0,0.0,0.0,1.0,0.0,1.0,0.0,626,0
21.0,0,0,77.9583,1.0,0.0,0.0,0.0,1.0,0.0,0.0,0.0,1.0,627,1
26.0,0,0,7.8958,0.0,0.0,1.0,0.0,1.0,0.0,0.0,1.0,0.0,628,0
0.0,0,0,7.7333,0.0,0.0,1.0,0.0,0.0,1.0,0.0,1.0,0.0,629,0
80.0,0,0,30.0,1.0,0.0,0.0,0.0,1.0,0.0,0.0,1.0,0.0,630,1
51.0,0,0,7.0542,0.0,0.0,1.0,0.0,1.0,0.0,0.0,1.0,0.0,631,0
32.0,0,0,30.5,1.0,0.0,0.0,1.0,0.0,0.0,0.0,1.0,0.0,632,1
0.0,0,0,0.0,1.0,0.0,0.0,0.0,1.0,0.0,0.0,1.0,0.0,633,0
9.0,3,2,27.9,0.0,0.0,1.0,0.0,1.0,0.0,0.0,0.0,1.0,634,0
28.0,0,0,13.0,0.0,1.0,0.0,0.0,1.0,0.0,0.0,0.0,1.0,635,1
32.0,0,0,7.925,0.0,0.0,1.0,0.0,1.0,0.0,0.0,1.0,0.0,636,0
31.0,1,1,26.25,0.0,1.0,0.0,0.0,1.0,0.0,0.0,1.0,0.0,637,0
41.0,0,5,39.6875,0.0,0.0,1.0,0.0,1.0,0.0,0.0,0.0,1.0,638,0
0.0,1,0,16.1,0.0,0.0,1.0,0.0,1.0,0.0,0.0,1.0,0.0,639,0
20.0,0,0,7.8542,0.0,0.0,1.0,0.0,1.0,0.0,0.0,1.0,0.0,640,0
24.0,0,0,69.3,1.0,0.0,0.0,1.0,0.0,0.0,0.0,0.0,1.0,641,1
2.0,3,2,27.9,0.0,0.0,1.0,0.0,1.0,0.0,0.0,0.0,1.0,642,0
0.0,0,0,56.4958,0.0,0.0,1.0,0.0,1.0,0.0,0.0,1.0,0.0,643,1
0.75,2,1,19.2583,0.0,0.0,1.0,1.0,0.0,0.0,0.0,0.0,1.0,644,1
48.0,1,0,76.7292,1.0,0.0,0.0,1.0,0.0,0.0,0.0,1.0,0.0,645,1
19.0,0,0,7.8958,0.0,0.0,1.0,0.0,1.0,0.0,0.0,1.0,0.0,646,0
56.0,0,0,35.5,1.0,0.0,0.0,1.0,0.0,0.0,0.0,1.0,0.0,647,1
0.0,0,0,7.55,0.0,0.0,1.0,0.0,1.0,0.0,0.0,1.0,0.0,648,0
23.0,0,0,7.55,0.0,0.0,1.0,0.0,1.0,0.0,0.0,0.0,1.0,649,1
0.0,0,0,7.8958,0.0,0.0,1.0,0.0,1.0,0.0,0.0,1.0,0.0,650,0
18.0,0,1,23.0,0.0,1.0,0.0,0.0,1.0,0.0,0.0,0.0,1.0,651,1
21.0,0,0,8.4333,0.0,0.0,1.0,0.0,1.0,0.0,0.0,1.0,0.0,652,0
0.0,0,0,7.8292,0.0,0.0,1.0,0.0,0.0,1.0,0.0,0.0,1.0,653,1
18.0,0,0,6.75,0.0,0.0,1.0,0.0,0.0,1.0,0.0,0.0,1.0,654,0
24.0,2,0,73.5,0.0,1.0,0.0,0.0,1.0,0.0,0.0,1.0,0.0,655,0
0.0,0,0,7.8958,0.0,0.0,1.0,0.0,1.0,0.0,0.0,1.0,0.0,656,0
32.0,1,1,15.5,0.0,0.0,1.0,0.0,0.0,1.0,0.0,0.0,1.0,657,0
23.0,0,0,13.0,0.0,1.0,0.0,0.0,1.0,0.0,0.0,1.0,0.0,658,0
58.0,0,2,113.275,1.0,0.0,0.0,1.0,0.0,0.0,0.0,1.0,0.0,659,0
50.0,2,0,133.65,1.0,0.0,0.0,0.0,1.0,0.0,0.0,1.0,0.0,660,1
40.0,0,0,7.225,0.0,0.0,1.0,1.0,0.0,0.0,0.0,1.0,0.0,661,0
47.0,0,0,25.5875,1.0,0.0,0.0,0.0,1.0,0.0,0.0,1.0,0.0,662,0
36.0,0,0,7.4958,0.0,0.0,1.0,0.0,1.0,0.0,0.0,1.0,0.0,663,0
20.0,1,0,7.925,0.0,0.0,1.0,0.0,1.0,0.0,0.0,1.0,0.0,664,1
32.0,2,0,73.5,0.0,1.0,0.0,0.0,1.0,0.0,0.0,1.0,0.0,665,0
25.0,0,0,13.0,0.0,1.0,0.0,0.0,1.0,0.0,0.0,1.0,0.0,666,0
0.0,0,0,7.775,0.0,0.0,1.0,0.0,1.0,0.0,0.0,1.0,0.0,667,0
43.0,0,0,8.05,0.0,0.0,1.0,0.0,1.0,0.0,0.0,1.0,0.0,668,0
0.0,1,0,52.0,1.0,0.0,0.0,0.0,1.0,0.0,0.0,0.0,1.0,669,1
40.0,1,1,39.0,0.0,1.0,0.0,0.0,1.0,0.0,0.0,0.0,1.0,670,1
31.0,1,0,52.0,1.0,0.0,0.0,0.0,1.0,0.0,0.0,1.0,0.0,671,0
70.0,0,0,10.5,0.0,1.0,0.0,0.0,1.0,0.0,0.0,1.0,0.0,672,0
31.0,0,0,13.0,0.0,1.0,0.0,0.0,1.0,0.0,0.0,1.0,0.0,673,1
0.0,0,0,0.0,0.0,1.0,0.0,0.0,1.0,0.0,0.0,1.0,0.0,674,0
18.0,0,0,7.775,0.0,0.0,1.0,0.0,1.0,0.0,0.0,1.0,0.0,675,0
24.5,0,0,8.05,0.0,0.0,1.0,0.0,1.0,0.0,0.0,1.0,0.0,676,0
18.0,0,0,9.8417,0.0,0.0,1.0,0.0,1.0,0.0,0.0,0.0,1.0,677,1
43.0,1,6,46.9,0.0,0.0,1.0,0.0,1.0,0.0,0.0,0.0,1.0,678,0
36.0,0,1,512.3292,1.0,0.0,0.0,1.0,0.0,0.0,0.0,1.0,0.0,679,1
0.0,0,0,8.1375,0.0,0.0,1.0,0.0,0.0,1.0,0.0,0.0,1.0,680,0
27.0,0,0,76.7292,1.0,0.0,0.0,1.0,0.0,0.0,0.0,1.0,0.0,681,1
20.0,0,0,9.225,0.0,0.0,1.0,0.0,1.0,0.0,0.0,1.0,0.0,682,0
14.0,5,2,46.9,0.0,0.0,1.0,0.0,1.0,0.0,0.0,1.0,0.0,683,0
60.0,1,1,39.0,0.0,1.0,0.0,0.0,1.0,0.0,0.0,1.0,0.0,684,0
25.0,1,2,41.5792,0.0,1.0,0.0,1.0,0.0,0.0,0.0,1.0,0.0,685,0
14.0,4,1,39.6875,0.0,0.0,1.0,0.0,1.0,0.0,0.0,1.0,0.0,686,0
19.0,0,0,10.1708,0.0,0.0,1.0,0.0,1.0,0.0,0.0,1.0,0.0,687,0
18.0,0,0,7.7958,0.0,0.0,1.0,0.0,1.0,0.0,0.0,1.0,0.0,688,0
15.0,0,1,211.3375,1.0,0.0,0.0,0.0,1.0,0.0,0.0,0.0,1.0,689,1
31.0,1,0,57.0,1.0,0.0,0.0,0.0,1.0,0.0,0.0,1.0,0.0,690,1
4.0,0,1,13.4167,0.0,0.0,1.0,1.0,0.0,0.0,0.0,0.0,1.0,691,1
0.0,0,0,56.4958,0.0,0.0,1.0,0.0,1.0,0.0,0.0,1.0,0.0,692,1
25.0,0,0,7.225,0.0,0.0,1.0,1.0,0.0,0.0,0.0,1.0,0.0,693,0
60.0,0,0,26.55,1.0,0.0,0.0,0.0,1.0,0.0,0.0,1.0,0.0,694,0
52.0,0,0,13.5,0.0,1.0,0.0,0.0,1.0,0.0,0.0,1.0,0.0,695,0
44.0,0,0,8.05,0.0,0.0,1.0,0.0,1.0,0.0,0.0,1.0,0.0,696,0
0.0,0,0,7.7333,0.0,0.0,1.0,0.0,0.0,1.0,0.0,0.0,1.0,697,1
49.0,1,1,110.8833,1.0,0.0,0.0,1.0,0.0,0.0,0.0,1.0,0.0,698,0
42.0,0,0,7.65,0.0,0.0,1.0,0.0,1.0,0.0,0.0,1.0,0.0,699,0
18.0,1,0,227.525,1.0,0.0,0.0,1.0,0.0,0.0,0.0,0.0,1.0,700,1
35.0,0,0,26.2875,1.0,0.0,0.0,0.0,1.0,0.0,0.0,1.0,0.0,701,1
18.0,0,1,14.4542,0.0,0.0,1.0,1.0,0.0,0.0,0.0,0.0,1.0,702,0
25.0,0,0,7.7417,0.0,0.0,1.0,0.0,0.0,1.0,0.0,1.0,0.0,703,0
26.0,1,0,7.8542,0.0,0.0,1.0,0.0,1.0,0.0,0.0,1.0,0.0,704,0
39.0,0,0,26.0,0.0,1.0,0.0,0.0,1.0,0.0,0.0,1.0,0.0,705,0
45.0,0,0,13.5,0.0,1.0,0.0,0.0,1.0,0.0,0.0,0.0,1.0,706,1
42.0,0,0,26.2875,1.0,0.0,0.0,0.0,1.0,0.0,0.0,1.0,0.0,707,1
22.0,0,0,151.55,1.0,0.0,0.0,0.0,1.0,0.0,0.0,0.0,1.0,708,1
0.0,1,1,15.2458,0.0,0.0,1.0,1.0,0.0,0.0,0.0,1.0,0.0,709,1
24.0,0,0,49.5042,1.0,0.0,0.0,1.0,0.0,0.0,0.0,0.0,1.0,710,1
0.0,0,0,26.55,1.0,0.0,0.0,0.0,1.0,0.0,0.0,1.0,0.0,711,0
48.0,1,0,52.0,1.0,0.0,0.0,0.0,1.0,0.0,0.0,1.0,0.0,712,1
29.0,0,0,9.4833,0.0,0.0,1.0,0.0,1.0,0.0,0.0,1.0,0.0,713,0
52.0,0,0,13.0,0.0,1.0,0.0,0.0,1.0,0.0,0.0,1.0,0.0,714,0
19.0,0,0,7.65,0.0,0.0,1.0,0.0,1.0,0.0,0.0,1.0,0.0,715,0
38.0,0,0,227.525,1.0,0.0,0.0,1.0,0.0,0.0,0.0,0.0,1.0,716,1
27.0,0,0,10.5,0.0,1.0,0.0,0.0,1.0,0.0,0.0,0.0,1.0,717,1
0.0,0,0,15.5,0.0,0.0,1.0,0.0,0.0,1.0,0.0,1.0,0.0,718,0
33.0,0,0,7.775,0.0,0.0,1.0,0.0,1.0,0.0,0.0,1.0,0.0,719,0
6.0,0,1,33.0,0.0,1.0,0.0,0.0,1.0,0.0,0.0,0.0,1.0,720,1
17.0,1,0,7.0542,0.0,0.0,1.0,0.0,1.0,0.0,0.0,1.0,0.0,721,0
34.0,0,0,13.0,0.0,1.0,0.0,0.0,1.0,0.0,0.0,1.0,0.0,722,0
50.0,0,0,13.0,0.0,1.0,0.0,0.0,1.0,0.0,0.0,1.0,0.0,723,0
27.0,1,0,53.1,1.0,0.0,0.0,0.0,1.0,0.0,0.0,1.0,0.0,724,1
20.0,0,0,8.6625,0.0,0.0,1.0,0.0,1.0,0.0,0.0,1.0,0.0,725,0
30.0,3,0,21.0,0.0,1.0,0.0,0.0,1.0,0.0,0.0,0.0,1.0,726,1
0.0,0,0,7.7375,0.0,0.0,1.0,0.0,0.0,1.0,0.0,0.0,1.0,727,1
25.0,1,0,26.0,0.0,1.0,0.0,0.0,1.0,0.0,0.0,1.0,0.0,728,0
25.0,1,0,7.925,0.0,0.0,1.0,0.0,1.0,0.0,0.0,0.0,1.0,729,0
29.0,0,0,211.3375,1.0,0.0,0.0,0.0,1.0,0.0,0.0,0.0,1.0,730,1
11.0,0,0,18.7875,0.0,0.0,1.0,1.0,0.0,0.0,0.0,1.0,0.0,731,0
0.0,0,0,0.0,0.0,1.0,0.0,0.0,1.0,0.0,0.0,1.0,0.0,732,0
23.0,0,0,13.0,0.0,1.0,0.0,0.0,1.0,0.0,0.0,1.0,0.0,733,0
23.0,0,0,13.0,0.0,1.0,0.0,0.0,1.0,0.0,0.0,1.0,0.0,734,0
28.5,0,0,16.1,0.0,0.0,1.0,0.0,1.0,0.0,0.0,1.0,0.0,735,0
48.0,1,3,34.375,0.0,0.0,1.0,0.0,1.0,0.0,0.0,0.0,1.0,736,0
35.0,0,0,512.3292,1.0,0.0,0.0,1.0,0.0,0.0,0.0,1.0,0.0,737,1
0.0,0,0,7.8958,0.0,0.0,1.0,0.0,1.0,0.0,0.0,1.0,0.0,738,0
0.0,0,0,7.8958,0.0,0.0,1.0,0.0,1.0,0.0,0.0,1.0,0.0,739,0
0.0,0,0,30.0,1.0,0.0,0.0,0.0,1.0,0.0,0.0,1.0,0.0,740,1
36.0,1,0,78.85,1.0,0.0,0.0,0.0,1.0,0.0,0.0,1.0,0.0,741,0
21.0,2,2,262.375,1.0,0.0,0.0,1.0,0.0,0.0,0.0,0.0,1.0,742,1
24.0,1,0,16.1,0.0,0.0,1.0,0.0,1.0,0.0,0.0,1.0,0.0,743,0
31.0,0,0,7.925,0.0,0.0,1.0,0.0,1.0,0.0,0.0,1.0,0.0,744,1
70.0,1,1,71.0,1.0,0.0,0.0,0.0,1.0,0.0,0.0,1.0,0.0,745,0
16.0,1,1,20.25,0.0,0.0,1.0,0.0,1.0,0.0,0.0,1.0,0.0,746,0
30.0,0,0,13.0,0.0,1.0,0.0,0.0,1.0,0.0,0.0,0.0,1.0,747,1
19.0,1,0,53.1,1.0,0.0,0.0,0.0,1.0,0.0,0.0,1.0,0.0,748,0
31.0,0,0,7.75,0.0,0.0,1.0,0.0,0.0,1.0,0.0,1.0,0.0,749,0
4.0,1,1,23.0,0.0,1.0,0.0,0.0,1.0,0.0,0.0,0.0,1.0,750,1
6.0,0,1,12.475,0.0,0.0,1.0,0.0,1.0,0.0,0.0,1.0,0.0,751,1
33.0,0,0,9.5,0.0,0.0,1.0,0.0,1.0,0.0,0.0,1.0,0.0,752,0
23.0,0,0,7.8958,0.0,0.0,1.0,0.0,1.0,0.0,0.0,1.0,0.0,753,0
48.0,1,2,65.0,0.0,1.0,0.0,0.0,1.0,0.0,0.0,0.0,1.0,754,1
0.67,1,1,14.5,0.0,1.0,0.0,0.0,1.0,0.0,0.0,1.0,0.0,755,1
28.0,0,0,7.7958,0.0,0.0,1.0,0.0,1.0,0.0,0.0,1.0,0.0,756,0
18.0,0,0,11.5,0.0,1.0,0.0,0.0,1.0,0.0,0.0,1.0,0.0,757,0
34.0,0,0,8.05,0.0,0.0,1.0,0.0,1.0,0.0,0.0,1.0,0.0,758,0
33.0,0,0,86.5,1.0,0.0,0.0,0.0,1.0,0.0,0.0,0.0,1.0,759,1
0.0,0,0,14.5,0.0,0.0,1.0,0.0,1.0,0.0,0.0,1.0,0.0,760,0
41.0,0,0,7.125,0.0,0.0,1.0,0.0,1.0,0.0,0.0,1.0,0.0,761,0
20.0,0,0,7.2292,0.0,0.0,1.0,1.0,0.0,0.0,0.0,1.0,0.0,762,1
36.0,1,2,120.0,1.0,0.0,0.0,0.0,1.0,0.0,0.0,0.0,1.0,763,1
16.0,0,0,7.775,0.0,0.0,1.0,0.0,1.0,0.0,0.0,1.0,0.0,764,0
51.0,1,0,77.9583,1.0,0.0,0.0,0.0,1.0,0.0,0.0,0.0,1.0,765,1
0.0,0,0,39.6,1.0,0.0,0.0,1.0,0.0,0.0,0.0,1.0,0.0,766,0
30.5,0,0,7.75,0.0,0.0,1.0,0.0,0.0,1.0,0.0,0.0,1.0,767,0
0.0,1,0,24.15,0.0,0.0,1.0,0.0,0.0,1.0,0.0,1.0,0.0,768,0
32.0,0,0,8.3625,0.0,0.0,1.0,0.0,1.0,0.0,0.0,1.0,0.0,769,0
24.0,0,0,9.5,0.0,0.0,1.0,0.0,1.0,0.0,0.0,1.0,0.0,770,0
48.0,0,0,7.8542,0.0,0.0,1.0,0.0,1.0,0.0,0.0,1.0,0.0,771,0
57.0,0,0,10.5,0.0,1.0,0.0,0.0,1.0,0.0,0.0,0.0,1.0,772,0
0.0,0,0,7.225,0.0,0.0,1.0,1.0,0.0,0.0,0.0,1.0,0.0,773,0
54.0,1,3,23.0,0.0,1.0,0.0,0.0,1.0,0.0,0.0,0.0,1.0,774,1
18.0,0,0,7.75,0.0,0.0,1.0,0.0,1.0,0.0,0.0,1.0,0.0,775,0
0.0,0,0,7.75,0.0,0.0,1.0,0.0,0.0,1.0,0.0,1.0,0.0,776,0
5.0,0,0,12.475,0.0,0.0,1.0,0.0,1.0,0.0,0.0,0.0,1.0,777,1
0.0,0,0,7.7375,0.0,0.0,1.0,0.0,0.0,1.0,0.0,1.0,0.0,778,0
43.0,0,1,211.3375,1.0,0.0,0.0,0.0,1.0,0.0,0.0,0.0,1.0,779,1
13.0,0,0,7.2292,0.0,0.0,1.0,1.0,0.0,0.0,0.0,0.0,1.0,780,1
17.0,1,0,57.0,1.0,0.0,0.0,0.0,1.0,0.0,0.0,0.0,1.0,781,1
29.0,0,0,30.0,1.0,0.0,0.0,0.0,1.0,0.0,0.0,1.0,0.0,782,0
0.0,1,2,23.45,0.0,0.0,1.0,0.0,1.0,0.0,0.0,1.0,0.0,783,0
25.0,0,0,7.05,0.0,0.0,1.0,0.0,1.0,0.0,0.0,1.0,0.0,784,0
25.0,0,0,7.25,0.0,0.0,1.0,0.0,1.0,0.0,0.0,1.0,0.0,785,0
18.0,0,0,7.4958,0.0,0.0,1.0,0.0,1.0,0.0,0.0,0.0,1.0,786,1
8.0,4,1,29.125,0.0,0.0,1.0,0.0,0.0,1.0,0.0,1.0,0.0,787,0
1.0,1,2,20.575,0.0,0.0,1.0,0.0,1.0,0.0,0.0,1.0,0.0,788,1
46.0,0,0,79.2,1.0,0.0,0.0,1.0,0.0,0.0,0.0,1.0,0.0,789,0
0.0,0,0,7.75,0.0,0.0,1.0,0.0,0.0,1.0,0.0,1.0,0.0,790,0
16.0,0,0,26.0,0.0,1.0,0.0,0.0,1.0,0.0,0.0,1.0,0.0,791,0
0.0,8,2,69.55,0.0,0.0,1.0,0.0,1.0,0.0,0.0,0.0,1.0,792,0
0.0,0,0,30.6958,1.0,0.0,0.0,1.0,0.0,0.0,0.0,1.0,0.0,793,0
25.0,0,0,7.8958,0.0,0.0,1.0,0.0,1.0,0.0,0.0,1.0,0.0,794,0
39.0,0,0,13.0,0.0,1.0,0.0,0.0,1.0,0.0,0.0,1.0,0.0,795,0
49.0,0,0,25.9292,1.0,0.0,0.0,0.0,1.0,0.0,0.0,0.0,1.0,796,1
31.0,0,0,8.6833,0.0,0.0,1.0,0.0,1.0,0.0,0.0,0.0,1.0,797,1
30.0,0,0,7.2292,0.0,0.0,1.0,1.0,0.0,0.0,0.0,1.0,0.0,798,0
30.0,1,1,24.15,0.0,0.0,1.0,0.0,1.0,0.0,0.0,0.0,1.0,799,0
34.0,0,0,13.0,0.0,1.0,0.0,0.0,1.0,0.0,0.0,1.0,0.0,800,0
31.0,1,1,26.25,0.0,1.0,0.0,0.0,1.0,0.0,0.0,0.0,1.0,801,1
11.0,1,2,120.0,1.0,0.0,0.0,0.0,1.0,0.0,0.0,1.0,0.0,802,1
0.42,0,1,8.5167,0.0,0.0,1.0,1.0,0.0,0.0,0.0,1.0,0.0,803,1
27.0,0,0,6.975,0.0,0.0,1.0,0.0,1.0,0.0,0.0,1.0,0.0,804,1
31.0,0,0,7.775,0.0,0.0,1.0,0.0,1.0,0.0,0.0,1.0,0.0,805,0
39.0,0,0,0.0,1.0,0.0,0.0,0.0,1.0,0.0,0.0,1.0,0.0,806,0
18.0,0,0,7.775,0.0,0.0,1.0,0.0,1.0,0.0,0.0,0.0,1.0,807,0
39.0,0,0,13.0,0.0,1.0,0.0,0.0,1.0,0.0,0.0,1.0,0.0,808,0
33.0,1,0,53.1,1.0,0.0,0.0,0.0,1.0,0.0,0.0,0.0,1.0,809,1
26.0,0,0,7.8875,0.0,0.0,1.0,0.0,1.0,0.0,0.0,1.0,0.0,810,0
39.0,0,0,24.15,0.0,0.0,1.0,0.0,1.0,0.0,0.0,1.0,0.0,811,0
35.0,0,0,10.5,0.0,1.0,0.0,0.0,1.0,0.0,0.0,1.0,0.0,812,0
6.0,4,2,31.275,0.0,0.0,1.0,0.0,1.0,0.0,0.0,0.0,1.0,813,0
30.5,0,0,8.05,0.0,0.0,1.0,0.0,1.0,0.0,0.0,1.0,0.0,814,0
0.0,0,0,0.0,1.0,0.0,0.0,0.0,1.0,0.0,0.0,1.0,0.0,815,0
23.0,0,0,7.925,0.0,0.0,1.0,0.0,1.0,0.0,0.0,0.0,1.0,816,0
31.0,1,1,37.0042,0.0,1.0,0.0,1.0,0.0,0.0,0.0,1.0,0.0,817,0
43.0,0,0,6.45,0.0,0.0,1.0,0.0,1.0,0.0,0.0,1.0,0.0,818,0
10.0,3,2,27.9,0.0,0.0,1.0,0.0,1.0,0.0,0.0,1.0,0.0,819,0
52.0,1,1,93.5,1.0,0.0,0.0,0.0,1.0,0.0,0.0,0.0,1.0,820,1
27.0,0,0,8.6625,0.0,0.0,1.0,0.0,1.0,0.0,0.0,1.0,0.0,821,1
38.0,0,0,0.0,1.0,0.0,0.0,0.0,1.0,0.0,0.0,1.0,0.0,822,0
27.0,0,1,12.475,0.0,0.0,1.0,0.0,1.0,0.0,0.0,0.0,1.0,823,1
2.0,4,1,39.6875,0.0,0.0,1.0,0.0,1.0,0.0,0.0,1.0,0.0,824,0
0.0,0,0,6.95,0.0,0.0,1.0,0.0,0.0,1.0,0.0,1.0,0.0,825,0
0.0,0,0,56.4958,0.0,0.0,1.0,0.0,1.0,0.0,0.0,1.0,0.0,826,0
1.0,0,2,37.0042,0.0,1.0,0.0,1.0,0.0,0.0,0.0,1.0,0.0,827,1
0.0,0,0,7.75,0.0,0.0,1.0,0.0,0.0,1.0,0.0,1.0,0.0,828,1
62.0,0,0,80.0,1.0,0.0,0.0,0.0,0.0,0.0,0.0,0.0,1.0,829,1
15.0,1,0,14.4542,0.0,0.0,1.0,1.0,0.0,0.0,0.0,0.0,1.0,830,1
0.83,1,1,18.75,0.0,1.0,0.0,0.0,1.0,0.0,0.0,1.0,0.0,831,1
0.0,0,0,7.2292,0.0,0.0,1.0,1.0,0.0,0.0,0.0,1.0,0.0,832,0
23.0,0,0,7.8542,0.0,0.0,1.0,0.0,1.0,0.0,0.0,1.0,0.0,833,0
18.0,0,0,8.3,0.0,0.0,1.0,0.0,1.0,0.0,0.0,1.0,0.0,834,0
39.0,1,1,83.1583,1.0,0.0,0.0,1.0,0.0,0.0,0.0,0.0,1.0,835,1
21.0,0,0,8.6625,0.0,0.0,1.0,0.0,1.0,0.0,0.0,1.0,0.0,836,0
0.0,0,0,8.05,0.0,0.0,1.0,0.0,1.0,0.0,0.0,1.0,0.0,837,0
32.0,0,0,56.4958,0.0,0.0,1.0,0.0,1.0,0.0,0.0,1.0,0.0,838,1
0.0,0,0,29.7,1.0,0.0,0.0,1.0,0.0,0.0,0.0,1.0,0.0,839,1
20.0,0,0,7.925,0.0,0.0,1.0,0.0,1.0,0.0,0.0,1.0,0.0,840,0
16.0,0,0,10.5,0.0,1.0,0.0,0.0,1.0,0.0,0.0,1.0,0.0,841,0
30.0,0,0,31.0,1.0,0.0,0.0,1.0,0.0,0.0,0.0,0.0,1.0,842,1
34.5,0,0,6.4375,0.0,0.0,1.0,1.0,0.0,0.0,0.0,1.0,0.0,843,0
17.0,0,0,8.6625,0.0,0.0,1.0,0.0,1.0,0.0,0.0,1.0,0.0,844,0
42.0,0,0,7.55,0.0,0.0,1.0,0.0,1.0,0.0,0.0,1.0,0.0,845,0
0.0,8,2,69.55,0.0,0.0,1.0,0.0,1.0,0.0,0.0,1.0,0.0,846,0
35.0,0,0,7.8958,0.0,0.0,1.0,1.0,0.0,0.0,0.0,1.0,0.0,847,0
28.0,0,1,33.0,0.0,1.0,0.0,0.0,1.0,0.0,0.0,1.0,0.0,848,0
0.0,1,0,89.1042,1.0,0.0,0.0,1.0,0.0,0.0,0.0,0.0,1.0,849,1
4.0,4,2,31.275,0.0,0.0,1.0,0.0,1.0,0.0,0.0,1.0,0.0,850,0
74.0,0,0,7.775,0.0,0.0,1.0,0.0,1.0,0.0,0.0,1.0,0.0,851,0
9.0,1,1,15.2458,0.0,0.0,1.0,1.0,0.0,0.0,0.0,0.0,1.0,852,0
16.0,0,1,39.4,1.0,0.0,0.0,0.0,1.0,0.0,0.0,0.0,1.0,853,1
44.0,1,0,26.0,0.0,1.0,0.0,0.0,1.0,0.0,0.0,0.0,1.0,854,0
18.0,0,1,9.35,0.0,0.0,1.0,0.0,1.0,0.0,0.0,0.0,1.0,855,1
45.0,1,1,164.8667,1.0,0.0,0.0,0.0,1.0,0.0,0.0,0.0,1.0,856,1
51.0,0,0,26.55,1.0,0.0,0.0,0.0,1.0,0.0,0.0,1.0,0.0,857,1
24.0,0,3,19.2583,0.0,0.0,1.0,1.0,0.0,0.0,0.0,0.0,1.0,858,1
0.0,0,0,7.2292,0.0,0.0,1.0,1.0,0.0,0.0,0.0,1.0,0.0,859,0
41.0,2,0,14.1083,0.0,0.0,1.0,0.0,1.0,0.0,0.0,1.0,0.0,860,0
21.0,1,0,11.5,0.0,1.0,0.0,0.0,1.0,0.0,0.0,1.0,0.0,861,0
48.0,0,0,25.9292,1.0,0.0,0.0,0.0,1.0,0.0,0.0,0.0,1.0,862,1
0.0,8,2,69.55,0.0,0.0,1.0,0.0,1.0,0.0,0.0,0.0,1.0,863,0
24.0,0,0,13.0,0.0,1.0,0.0,0.0,1.0,0.0,0.0,1.0,0.0,864,0
42.0,0,0,13.0,0.0,1.0,0.0,0.0,1.0,0.0,0.0,0.0,1.0,865,1
27.0,1,0,13.8583,0.0,1.0,0.0,1.0,0.0,0.0,0.0,0.0,1.0,866,1
31.0,0,0,50.4958,1.0,0.0,0.0,0.0,1.0,0.0,0.0,1.0,0.0,867,0
0.0,0,0,9.5,0.0,0.0,1.0,0.0,1.0,0.0,0.0,1.0,0.0,868,0
4.0,1,1,11.1333,0.0,0.0,1.0,0.0,1.0,0.0,0.0,1.0,0.0,869,1
26.0,0,0,7.8958,0.0,0.0,1.0,0.0,1.0,0.0,0.0,1.0,0.0,870,0
47.0,1,1,52.5542,1.0,0.0,0.0,0.0,1.0,0.0,0.0,0.0,1.0,871,1
33.0,0,0,5.0,1.0,0.0,0.0,0.0,1.0,0.0,0.0,1.0,0.0,872,0
47.0,0,0,9.0,0.0,0.0,1.0,0.0,1.0,0.0,0.0,1.0,0.0,873,0
28.0,1,0,24.0,0.0,1.0,0.0,1.0,0.0,0.0,0.0,0.0,1.0,874,1
15.0,0,0,7.225,0.0,0.0,1.0,1.0,0.0,0.0,0.0,0.0,1.0,875,1
20.0,0,0,9.8458,0.0,0.0,1.0,0.0,1.0,0.0,0.0,1.0,0.0,876,0
19.0,0,0,7.8958,0.0,0.0,1.0,0.0,1.0,0.0,0.0,1.0,0.0,877,0
0.0,0,0,7.8958,0.0,0.0,1.0,0.0,1.0,0.0,0.0,1.0,0.0,878,0
56.0,0,1,83.1583,1.0,0.0,0.0,1.0,0.0,0.0,0.0,0.0,1.0,879,1
25.0,0,1,26.0,0.0,1.0,0.0,0.0,1.0,0.0,0.0,0.0,1.0,880,1
33.0,0,0,7.8958,0.0,0.0,1.0,0.0,1.0,0.0,0.0,1.0,0.0,881,0
22.0,0,0,10.5167,0.0,0.0,1.0,0.0,1.0,0.0,0.0,0.0,1.0,882,0
28.0,0,0,10.5,0.0,1.0,0.0,0.0,1.0,0.0,0.0,1.0,0.0,883,0
25.0,0,0,7.05,0.0,0.0,1.0,0.0,1.0,0.0,0.0,1.0,0.0,884,0
39.0,0,5,29.125,0.0,0.0,1.0,0.0,0.0,1.0,0.0,0.0,1.0,885,0
27.0,0,0,13.0,0.0,1.0,0.0,0.0,1.0,0.0,0.0,1.0,0.0,886,0
19.0,0,0,30.0,1.0,0.0,0.0,0.0,1.0,0.0,0.0,0.0,1.0,887,1
0.0,1,2,23.45,0.0,0.0,1.0,0.0,1.0,0.0,0.0,0.0,1.0,888,0
26.0,0,0,30.0,1.0,0.0,0.0,1.0,0.0,0.0,0.0,1.0,0.0,889,1
32.0,0,0,7.75,0.0,0.0,1.0,0.0,0.0,1.0,0.0,1.0,0.0,890,0
34.5,0,0,7.8292,0.0,0.0,1.0,0.0,0.0,1.0,0.0,1.0,0.0,0,0
47.0,1,0,7.0,0.0,0.0,1.0,0.0,1.0,0.0,0.0,0.0,1.0,1,1
62.0,0,0,9.6875,0.0,1.0,0.0,0.0,0.0,1.0,0.0,1.0,0.0,2,0
27.0,0,0,8.6625,0.0,0.0,1.0,0.0,1.0,0.0,0.0,1.0,0.0,3,0
22.0,1,1,12.2875,0.0,0.0,1.0,0.0,1.0,0.0,0.0,0.0,1.0,4,1
14.0,0,0,9.225,0.0,0.0,1.0,0.0,1.0,0.0,0.0,1.0,0.0,5,0
30.0,0,0,7.6292,0.0,0.0,1.0,0.0,0.0,1.0,0.0,0.0,1.0,6,1
26.0,1,1,29.0,0.0,1.0,0.0,0.0,1.0,0.0,0.0,1.0,0.0,7,0
18.0,0,0,7.2292,0.0,0.0,1.0,1.0,0.0,0.0,0.0,0.0,1.0,8,1
21.0,2,0,24.15,0.0,0.0,1.0,0.0,1.0,0.0,0.0,1.0,0.0,9,0
0.0,0,0,7.8958,0.0,0.0,1.0,0.0,1.0,0.0,0.0,1.0,0.0,10,0
46.0,0,0,26.0,1.0,0.0,0.0,0.0,1.0,0.0,0.0,1.0,0.0,11,0
23.0,1,0,82.2667,1.0,0.0,0.0,0.0,1.0,0.0,0.0,0.0,1.0,12,1
63.0,1,0,26.0,0.0,1.0,0.0,0.0,1.0,0.0,0.0,1.0,0.0,13,0
47.0,1,0,61.175,1.0,0.0,0.0,0.0,1.0,0.0,0.0,0.0,1.0,14,1
24.0,1,0,27.7208,0.0,1.0,0.0,1.0,0.0,0.0,0.0,0.0,1.0,15,1
35.0,0,0,12.35,0.0,1.0,0.0,0.0,0.0,1.0,0.0,1.0,0.0,16,0
21.0,0,0,7.225,0.0,0.0,1.0,1.0,0.0,0.0,0.0,1.0,0.0,17,0
27.0,1,0,7.925,0.0,0.0,1.0,0.0,1.0,0.0,0.0,0.0,1.0,18,1
45.0,0,0,7.225,0.0,0.0,1.0,1.0,0.0,0.0,0.0,0.0,1.0,19,1
55.0,1,0,59.4,1.0,0.0,0.0,1.0,0.0,0.0,0.0,1.0,0.0,20,0
9.0,0,1,3.1708,0.0,0.0,1.0,0.0,1.0,0.0,0.0,1.0,0.0,21,0
0.0,0,0,31.6833,1.0,0.0,0.0,0.0,1.0,0.0,0.0,0.0,1.0,22,1
21.0,0,1,61.3792,1.0,0.0,0.0,1.0,0.0,0.0,0.0,1.0,0.0,23,0
48.0,1,3,262.375,1.0,0.0,0.0,1.0,0.0,0.0,0.0,0.0,1.0,24,1
50.0,1,0,14.5,0.0,0.0,1.0,0.0,1.0,0.0,0.0,1.0,0.0,25,0
22.0,0,1,61.9792,1.0,0.0,0.0,1.0,0.0,0.0,0.0,0.0,1.0,26,1
22.5,0,0,7.225,0.0,0.0,1.0,1.0,0.0,0.0,0.0,1.0,0.0,27,0
41.0,0,0,30.5,1.0,0.0,0.0,0.0,1.0,0.0,0.0,1.0,0.0,28,0
0.0,2,0,21.6792,0.0,0.0,1.0,1.0,0.0,0.0,0.0,1.0,0.0,29,0
50.0,1,0,26.0,0.0,1.0,0.0,0.0,1.0,0.0,0.0,1.0,0.0,30,0
24.0,2,0,31.5,0.0,1.0,0.0,0.0,1.0,0.0,0.0,1.0,0.0,31,0
33.0,1,2,20.575,0.0,0.0,1.0,0.0,1.0,0.0,0.0,0.0,1.0,32,1
0.0,1,2,23.45,0.0,0.0,1.0,0.0,1.0,0.0,0.0,0.0,1.0,33,1
30.0,1,0,57.75,1.0,0.0,0.0,1.0,0.0,0.0,0.0,1.0,0.0,34,0
18.5,0,0,7.2292,0.0,0.0,1.0,1.0,0.0,0.0,0.0,1.0,0.0,35,0
0.0,0,0,8.05,0.0,0.0,1.0,0.0,1.0,0.0,0.0,0.0,1.0,36,1
21.0,0,0,8.6625,0.0,0.0,1.0,0.0,1.0,0.0,0.0,0.0,1.0,37,1
25.0,0,0,9.5,0.0,0.0,1.0,0.0,1.0,0.0,0.0,1.0,0.0,38,0
0.0,0,0,56.4958,0.0,0.0,1.0,0.0,1.0,0.0,0.0,1.0,0.0,39,0
39.0,0,1,13.4167,0.0,0.0,1.0,1.0,0.0,0.0,0.0,1.0,0.0,40,0
0.0,0,0,26.55,1.0,0.0,0.0,0.0,1.0,0.0,0.0,1.0,0.0,41,0
41.0,0,0,7.85,0.0,0.0,1.0,0.0,1.0,0.0,0.0,1.0,0.0,42,0
30.0,0,0,13.0,0.0,1.0,0.0,0.0,1.0,0.0,0.0,0.0,1.0,43,1
45.0,1,0,52.5542,1.0,0.0,0.0,0.0,1.0,0.0,0.0,0.0,1.0,44,1
25.0,0,0,7.925,0.0,0.0,1.0,0.0,1.0,0.0,0.0,1.0,0.0,45,0
45.0,0,0,29.7,1.0,0.0,0.0,1.0,0.0,0.0,0.0,1.0,0.0,46,0
0.0,0,0,7.75,0.0,0.0,1.0,0.0,0.0,1.0,0.0,1.0,0.0,47,0
60.0,0,0,76.2917,1.0,0.0,0.0,1.0,0.0,0.0,0.0,0.0,1.0,48,1
36.0,0,2,15.9,0.0,0.0,1.0,0.0,1.0,0.0,0.0,0.0,1.0,49,1
24.0,1,0,60.0,1.0,0.0,0.0,0.0,1.0,0.0,0.0,1.0,0.0,50,0
27.0,0,0,15.0333,0.0,1.0,0.0,1.0,0.0,0.0,0.0,1.0,0.0,51,0
20.0,2,1,23.0,0.0,1.0,0.0,0.0,1.0,0.0,0.0,0.0,1.0,52,1
28.0,3,2,263.0,1.0,0.0,0.0,0.0,1.0,0.0,0.0,0.0,1.0,53,1
0.0,0,0,15.5792,0.0,1.0,0.0,1.0,0.0,0.0,0.0,1.0,0.0,54,0
10.0,4,1,29.125,0.0,0.0,1.0,0.0,0.0,1.0,0.0,1.0,0.0,55,0
35.0,0,0,7.8958,0.0,0.0,1.0,0.0,1.0,0.0,0.0,1.0,0.0,56,0
25.0,0,0,7.65,0.0,0.0,1.0,0.0,1.0,0.0,0.0,1.0,0.0,57,0
0.0,1,0,16.1,0.0,0.0,1.0,0.0,1.0,0.0,0.0,1.0,0.0,58,0
36.0,0,0,262.375,1.0,0.0,0.0,1.0,0.0,0.0,0.0,0.0,1.0,59,1
17.0,0,0,7.8958,0.0,0.0,1.0,0.0,1.0,0.0,0.0,1.0,0.0,60,0
32.0,0,0,13.5,0.0,1.0,0.0,0.0,1.0,0.0,0.0,1.0,0.0,61,0
18.0,0,0,7.75,0.0,0.0,1.0,0.0,1.0,0.0,0.0,1.0,0.0,62,0
22.0,0,0,7.725,0.0,0.0,1.0,0.0,0.0,1.0,0.0,0.0,1.0,63,1
13.0,2,2,262.375,1.0,0.0,0.0,1.0,0.0,0.0,0.0,1.0,0.0,64,0
0.0,0,0,21.0,0.0,1.0,0.0,0.0,1.0,0.0,0.0,0.0,1.0,65,1
18.0,0,0,7.8792,0.0,0.0,1.0,0.0,0.0,1.0,0.0,0.0,1.0,66,1
47.0,0,0,42.4,1.0,0.0,0.0,0.0,1.0,0.0,0.0,1.0,0.0,67,0
31.0,0,0,28.5375,1.0,0.0,0.0,1.0,0.0,0.0,0.0,1.0,0.0,68,0
60.0,1,4,263.0,1.0,0.0,0.0,0.0,1.0,0.0,0.0,0.0,1.0,69,1
24.0,0,0,7.75,0.0,0.0,1.0,0.0,0.0,1.0,0.0,0.0,1.0,70,1
21.0,0,0,7.8958,0.0,0.0,1.0,0.0,1.0,0.0,0.0,1.0,0.0,71,0
29.0,0,0,7.925,0.0,0.0,1.0,0.0,1.0,0.0,0.0,0.0,1.0,72,1
28.5,0,0,27.7208,1.0,0.0,0.0,1.0,0.0,0.0,0.0,1.0,0.0,73,0
35.0,0,0,211.5,1.0,0.0,0.0,1.0,0.0,0.0,0.0,0.0,1.0,74,1
32.5,0,0,211.5,1.0,0.0,0.0,1.0,0.0,0.0,0.0,1.0,0.0,75,0
0.0,0,0,8.05,0.0,0.0,1.0,0.0,1.0,0.0,0.0,1.0,0.0,76,0
55.0,2,0,25.7,1.0,0.0,0.0,0.0,1.0,0.0,0.0,0.0,1.0,77,1
30.0,0,0,13.0,0.0,1.0,0.0,0.0,1.0,0.0,0.0,1.0,0.0,78,0
24.0,0,0,7.75,0.0,0.0,1.0,0.0,0.0,1.0,0.0,0.0,1.0,79,1
6.0,1,1,15.2458,0.0,0.0,1.0,1.0,0.0,0.0,0.0,1.0,0.0,80,0
67.0,1,0,221.7792,1.0,0.0,0.0,0.0,1.0,0.0,0.0,1.0,0.0,81,0
49.0,0,0,26.0,1.0,0.0,0.0,0.0,1.0,0.0,0.0,1.0,0.0,82,0
0.0,0,0,7.8958,0.0,0.0,1.0,0.0,1.0,0.0,0.0,1.0,0.0,83,0
0.0,0,0,10.7083,0.0,1.0,0.0,0.0,0.0,1.0,0.0,1.0,0.0,84,0
0.0,1,0,14.4542,0.0,0.0,1.0,1.0,0.0,0.0,0.0,1.0,0.0,85,0
27.0,0,0,7.8792,0.0,0.0,1.0,0.0,0.0,1.0,0.0,0.0,1.0,86,1
18.0,0,0,8.05,0.0,0.0,1.0,0.0,1.0,0.0,0.0,0.0,1.0,87,1
0.0,0,0,7.75,0.0,0.0,1.0,0.0,0.0,1.0,0.0,0.0,1.0,88,1
2.0,1,1,23.0,0.0,1.0,0.0,0.0,1.0,0.0,0.0,1.0,0.0,89,0
22.0,1,0,13.9,0.0,0.0,1.0,0.0,1.0,0.0,0.0,0.0,1.0,90,1
0.0,0,0,7.775,0.0,0.0,1.0,0.0,1.0,0.0,0.0,1.0,0.0,91,0
27.0,1,2,52.0,1.0,0.0,0.0,0.0,1.0,0.0,0.0,0.0,1.0,92,1
0.0,0,0,8.05,0.0,0.0,1.0,0.0,1.0,0.0,0.0,1.0,0.0,93,0
25.0,0,0,26.0,1.0,0.0,0.0,1.0,0.0,0.0,0.0,1.0,0.0,94,0
25.0,0,0,7.7958,0.0,0.0,1.0,0.0,1.0,0.0,0.0,1.0,0.0,95,0
76.0,1,0,78.85,1.0,0.0,0.0,0.0,1.0,0.0,0.0,0.0,1.0,96,1
29.0,0,0,7.925,0.0,0.0,1.0,0.0,1.0,0.0,0.0,1.0,0.0,97,0
20.0,0,0,7.8542,0.0,0.0,1.0,0.0,1.0,0.0,0.0,0.0,1.0,98,1
33.0,0,0,8.05,0.0,0.0,1.0,0.0,1.0,0.0,0.0,1.0,0.0,99,0
43.0,1,0,55.4417,1.0,0.0,0.0,1.0,0.0,0.0,0.0,0.0,1.0,100,1
27.0,1,0,26.0,0.0,1.0,0.0,0.0,1.0,0.0,0.0,1.0,0.0,101,0
0.0,0,0,7.75,0.0,0.0,1.0,0.0,0.0,1.0,0.0,1.0,0.0,102,0
26.0,0,0,7.775,0.0,0.0,1.0,0.0,1.0,0.0,0.0,1.0,0.0,103,0
16.0,1,1,8.5167,0.0,0.0,1.0,1.0,0.0,0.0,0.0,0.0,1.0,104,1
28.0,0,0,22.525,0.0,0.0,1.0,0.0,1.0,0.0,0.0,1.0,0.0,105,0
21.0,0,0,7.8208,0.0,0.0,1.0,0.0,0.0,1.0,0.0,1.0,0.0,106,0
0.0,0,0,7.75,0.0,0.0,1.0,0.0,0.0,1.0,0.0,1.0,0.0,107,0
0.0,0,0,8.7125,0.0,0.0,1.0,0.0,1.0,0.0,0.0,1.0,0.0,108,0
18.5,0,0,13.0,0.0,1.0,0.0,0.0,1.0,0.0,0.0,1.0,0.0,109,0
41.0,0,0,15.0458,0.0,1.0,0.0,1.0,0.0,0.0,0.0,1.0,0.0,110,0
0.0,0,0,7.7792,0.0,0.0,1.0,0.0,0.0,1.0,0.0,0.0,1.0,111,1
36.0,0,0,31.6792,1.0,0.0,0.0,1.0,0.0,0.0,0.0,0.0,1.0,112,1
18.5,0,0,7.2833,0.0,0.0,1.0,0.0,0.0,1.0,0.0,0.0,1.0,113,1
63.0,1,0,221.7792,1.0,0.0,0.0,0.0,1.0,0.0,0.0,0.0,1.0,114,1
18.0,1,0,14.4542,0.0,0.0,1.0,1.0,0.0,0.0,0.0,1.0,0.0,115,0
0.0,0,0,6.4375,0.0,0.0,1.0,1.0,0.0,0.0,0.0,1.0,0.0,116,0
1.0,1,1,16.7,0.0,0.0,1.0,0.0,1.0,0.0,0.0,0.0,1.0,117,1
36.0,0,0,75.2417,1.0,0.0,0.0,1.0,0.0,0.0,0.0,1.0,0.0,118,0
29.0,1,0,26.0,0.0,1.0,0.0,0.0,1.0,0.0,0.0,0.0,1.0,119,1
12.0,0,0,15.75,0.0,1.0,0.0,0.0,1.0,0.0,0.0,0.0,1.0,120,1
0.0,1,0,7.75,0.0,0.0,1.0,0.0,0.0,1.0,0.0,1.0,0.0,121,0
35.0,1,0,57.75,1.0,0.0,0.0,1.0,0.0,0.0,0.0,0.0,1.0,122,1
28.0,0,0,7.25,0.0,0.0,1.0,0.0,1.0,0.0,0.0,1.0,0.0,123,0
0.0,0,0,7.75,0.0,0.0,1.0,0.0,0.0,1.0,0.0,1.0,0.0,124,0
17.0,0,1,16.1,0.0,0.0,1.0,0.0,1.0,0.0,0.0,0.0,1.0,125,1
22.0,0,0,7.7958,0.0,0.0,1.0,0.0,1.0,0.0,0.0,1.0,0.0,126,0
0.0,2,0,23.25,0.0,0.0,1.0,0.0,0.0,1.0,0.0,0.0,1.0,127,1
42.0,0,0,13.0,0.0,1.0,0.0,0.0,1.0,0.0,0.0,1.0,0.0,128,0
24.0,0,0,8.05,0.0,0.0,1.0,0.0,1.0,0.0,0.0,1.0,0.0,129,0
32.0,0,0,8.05,0.0,0.0,1.0,0.0,1.0,0.0,0.0,1.0,0.0,130,0
53.0,0,0,28.5,1.0,0.0,0.0,1.0,0.0,0.0,0.0,1.0,0.0,131,0
0.0,0,4,25.4667,0.0,0.0,1.0,0.0,1.0,0.0,0.0,0.0,1.0,132,1
0.0,1,0,6.4375,0.0,0.0,1.0,1.0,0.0,0.0,0.0,1.0,0.0,133,0
43.0,0,0,7.8958,0.0,0.0,1.0,0.0,1.0,0.0,0.0,1.0,0.0,134,0
24.0,0,0,7.8542,0.0,0.0,1.0,0.0,1.0,0.0,0.0,1.0,0.0,135,0
26.5,0,0,7.225,0.0,0.0,1.0,1.0,0.0,0.0,0.0,1.0,0.0,136,0
26.0,0,0,13.0,0.0,1.0,0.0,0.0,1.0,0.0,0.0,1.0,0.0,137,0
23.0,0,0,8.05,0.0,0.0,1.0,0.0,1.0,0.0,0.0,0.0,1.0,138,1
40.0,1,6,46.9,0.0,0.0,1.0,0.0,1.0,0.0,0.0,1.0,0.0,139,0
10.0,5,2,46.9,0.0,0.0,1.0,0.0,1.0,0.0,0.0,0.0,1.0,140,1
33.0,0,0,151.55,1.0,0.0,0.0,0.0,1.0,0.0,0.0,0.0,1.0,141,1
61.0,1,3,262.375,1.0,0.0,0.0,1.0,0.0,0.0,0.0,1.0,0.0,142,0
28.0,0,0,26.0,0.0,1.0,0.0,0.0,1.0,0.0,0.0,1.0,0.0,143,0
42.0,0,0,26.55,1.0,0.0,0.0,0.0,1.0,0.0,0.0,1.0,0.0,144,0
31.0,3,0,18.0,0.0,0.0,1.0,0.0,1.0,0.0,0.0,1.0,0.0,145,0
0.0,0,0,51.8625,1.0,0.0,0.0,0.0,1.0,0.0,0.0,1.0,0.0,146,0
22.0,0,0,8.05,0.0,0.0,1.0,0.0,1.0,0.0,0.0,1.0,0.0,147,0
0.0,0,0,26.55,1.0,0.0,0.0,0.0,1.0,0.0,0.0,1.0,0.0,148,0
30.0,1,1,26.0,0.0,1.0,0.0,0.0,1.0,0.0,0.0,1.0,0.0,149,0
23.0,0,1,83.1583,1.0,0.0,0.0,1.0,0.0,0.0,0.0,0.0,1.0,150,1
0.0,0,0,7.8958,0.0,0.0,1.0,1.0,0.0,0.0,0.0,1.0,0.0,151,0
60.5,0,0,0.0,0.0,0.0,1.0,0.0,1.0,0.0,0.0,1.0,0.0,152,0
36.0,0,2,12.1833,0.0,0.0,1.0,0.0,1.0,0.0,0.0,0.0,1.0,153,1
13.0,4,2,31.3875,0.0,0.0,1.0,0.0,1.0,0.0,0.0,1.0,0.0,154,0
24.0,0,0,7.55,0.0,0.0,1.0,0.0,1.0,0.0,0.0,1.0,0.0,155,0
29.0,0,0,221.7792,1.0,0.0,0.0,0.0,1.0,0.0,0.0,0.0,1.0,156,1
23.0,0,0,7.8542,0.0,0.0,1.0,0.0,1.0,0.0,0.0,0.0,1.0,157,1
42.0,0,0,26.55,1.0,0.0,0.0,0.0,1.0,0.0,0.0,1.0,0.0,158,0
26.0,0,2,13.775,0.0,0.0,1.0,0.0,1.0,0.0,0.0,0.0,1.0,159,1
0.0,0,0,7.7333,0.0,0.0,1.0,0.0,0.0,1.0,0.0,0.0,1.0,160,1
7.0,1,1,15.2458,0.0,0.0,1.0,1.0,0.0,0.0,0.0,1.0,0.0,161,0
26.0,0,0,13.5,0.0,1.0,0.0,0.0,1.0,0.0,0.0,0.0,1.0,162,1
0.0,0,0,7.0,0.0,0.0,1.0,0.0,1.0,0.0,0.0,1.0,0.0,163,0
41.0,0,0,13.0,0.0,1.0,0.0,0.0,1.0,0.0,0.0,1.0,0.0,164,0
26.0,1,1,22.025,0.0,0.0,1.0,0.0,1.0,0.0,0.0,0.0,1.0,165,1
48.0,0,0,50.4958,1.0,0.0,0.0,1.0,0.0,0.0,0.0,1.0,0.0,166,0
18.0,2,2,34.375,0.0,0.0,1.0,0.0,1.0,0.0,0.0,1.0,0.0,167,0
0.0,0,0,27.7208,1.0,0.0,0.0,1.0,0.0,0.0,0.0,0.0,1.0,168,1
22.0,0,0,8.9625,0.0,0.0,1.0,0.0,1.0,0.0,0.0,0.0,1.0,169,1
0.0,0,0,7.55,0.0,0.0,1.0,0.0,1.0,0.0,0.0,1.0,0.0,170,0
27.0,0,0,7.225,0.0,0.0,1.0,1.0,0.0,0.0,0.0,1.0,0.0,171,0
23.0,1,0,13.9,0.0,0.0,1.0,0.0,1.0,0.0,0.0,1.0,0.0,172,0
0.0,0,0,7.2292,0.0,0.0,1.0,1.0,0.0,0.0,0.0,1.0,0.0,173,0
40.0,1,5,31.3875,0.0,0.0,1.0,0.0,1.0,0.0,0.0,1.0,0.0,174,0
15.0,0,2,39.0,0.0,1.0,0.0,0.0,1.0,0.0,0.0,0.0,1.0,175,1
20.0,0,0,36.75,0.0,1.0,0.0,0.0,1.0,0.0,0.0,0.0,1.0,176,1
54.0,1,0,55.4417,1.0,0.0,0.0,1.0,0.0,0.0,0.0,1.0,0.0,177,0
36.0,0,3,39.0,0.0,1.0,0.0,0.0,1.0,0.0,0.0,0.0,1.0,178,1
64.0,0,2,83.1583,1.0,0.0,0.0,1.0,0.0,0.0,0.0,0.0,1.0,179,1
30.0,0,0,13.0,0.0,1.0,0.0,0.0,1.0,0.0,0.0,1.0,0.0,180,0
37.0,1,1,83.1583,1.0,0.0,0.0,1.0,0.0,0.0,0.0,1.0,0.0,181,0
18.0,1,0,53.1,1.0,0.0,0.0,0.0,1.0,0.0,0.0,0.0,1.0,182,1
0.0,0,0,7.75,0.0,0.0,1.0,0.0,0.0,1.0,0.0,1.0,0.0,183,0
27.0,1,1,247.5208,1.0,0.0,0.0,1.0,0.0,0.0,0.0,0.0,1.0,184,1
40.0,0,0,16.0,0.0,1.0,0.0,0.0,1.0,0.0,0.0,1.0,0.0,185,0
21.0,0,1,21.0,0.0,1.0,0.0,0.0,1.0,0.0,0.0,0.0,1.0,186,1
17.0,2,0,8.05,0.0,0.0,1.0,0.0,1.0,0.0,0.0,1.0,0.0,187,0
0.0,8,2,69.55,0.0,0.0,1.0,0.0,1.0,0.0,0.0,0.0,1.0,188,1
40.0,0,0,13.0,0.0,1.0,0.0,0.0,1.0,0.0,0.0,1.0,0.0,189,0
34.0,1,0,26.0,0.0,1.0,0.0,0.0,1.0,0.0,0.0,1.0,0.0,190,0
0.0,0,0,26.0,1.0,0.0,0.0,0.0,1.0,0.0,0.0,1.0,0.0,191,0
11.5,1,1,14.5,0.0,0.0,1.0,0.0,1.0,0.0,0.0,1.0,0.0,192,0
61.0,0,0,12.35,0.0,1.0,0.0,0.0,0.0,1.0,0.0,1.0,0.0,193,0
8.0,0,2,32.5,0.0,1.0,0.0,0.0,1.0,0.0,0.0,1.0,0.0,194,0
33.0,0,0,7.8542,0.0,0.0,1.0,0.0,1.0,0.0,0.0,1.0,0.0,195,0
6.0,0,2,134.5,1.0,0.0,0.0,1.0,0.0,0.0,0.0,1.0,0.0,196,0
18.0,0,0,7.775,0.0,0.0,1.0,0.0,1.0,0.0,0.0,0.0,1.0,197,1
23.0,0,0,10.5,0.0,1.0,0.0,0.0,1.0,0.0,0.0,1.0,0.0,198,0
0.0,0,0,8.1125,0.0,0.0,1.0,0.0,1.0,0.0,0.0,0.0,1.0,199,1
0.0,0,0,15.5,0.0,0.0,1.0,0.0,0.0,1.0,0.0,0.0,1.0,200,1
0.33,0,2,14.4,0.0,0.0,1.0,0.0,1.0,0.0,0.0,1.0,0.0,201,0
47.0,1,0,227.525,1.0,0.0,0.0,1.0,0.0,0.0,0.0,1.0,0.0,202,0
8.0,1,1,26.0,0.0,1.0,0.0,0.0,1.0,0.0,0.0,0.0,1.0,203,1
25.0,0,0,10.5,0.0,1.0,0.0,0.0,1.0,0.0,0.0,1.0,0.0,204,0
0.0,0,0,25.7417,1.0,0.0,0.0,1.0,0.0,0.0,0.0,1.0,0.0,205,0
35.0,0,0,7.75,0.0,0.0,1.0,0.0,0.0,1.0,0.0,0.0,1.0,206,1
24.0,0,0,10.5,0.0,1.0,0.0,0.0,1.0,0.0,0.0,1.0,0.0,207,0
33.0,0,0,27.7208,1.0,0.0,0.0,1.0,0.0,0.0,0.0,0.0,1.0,208,1
25.0,0,0,7.8958,0.0,0.0,1.0,0.0,1.0,0.0,0.0,1.0,0.0,209,0
32.0,0,0,22.525,0.0,0.0,1.0,0.0,1.0,0.0,0.0,1.0,0.0,210,0
0.0,0,0,7.05,0.0,0.0,1.0,0.0,1.0,0.0,0.0,1.0,0.0,211,0
17.0,0,0,73.5,0.0,1.0,0.0,0.0,1.0,0.0,0.0,1.0,0.0,212,0
60.0,1,0,26.0,0.0,1.0,0.0,0.0,1.0,0.0,0.0,0.0,1.0,213,1
38.0,4,2,7.775,0.0,0.0,1.0,0.0,1.0,0.0,0.0,0.0,1.0,214,1
42.0,0,0,42.5,1.0,0.0,0.0,0.0,1.0,0.0,0.0,1.0,0.0,215,0
0.0,0,0,7.8792,0.0,0.0,1.0,0.0,0.0,1.0,0.0,0.0,1.0,216,1
57.0,1,1,164.8667,1.0,0.0,0.0,0.0,1.0,0.0,0.0,1.0,0.0,217,0
50.0,1,1,211.5,1.0,0.0,0.0,1.0,0.0,0.0,0.0,0.0,1.0,218,1
0.0,0,0,8.05,0.0,0.0,1.0,0.0,1.0,0.0,0.0,1.0,0.0,219,0
30.0,1,0,13.8583,0.0,1.0,0.0,1.0,0.0,0.0,0.0,0.0,1.0,220,1
21.0,0,0,8.05,0.0,0.0,1.0,0.0,1.0,0.0,0.0,1.0,0.0,221,0
22.0,0,0,10.5,0.0,1.0,0.0,0.0,1.0,0.0,0.0,0.0,1.0,222,1
21.0,0,0,7.7958,0.0,0.0,1.0,0.0,1.0,0.0,0.0,1.0,0.0,223,0
53.0,0,0,27.4458,1.0,0.0,0.0,1.0,0.0,0.0,0.0,0.0,1.0,224,1
0.0,0,2,15.2458,0.0,0.0,1.0,1.0,0.0,0.0,0.0,0.0,1.0,225,1
23.0,0,0,7.7958,0.0,0.0,1.0,0.0,1.0,0.0,0.0,1.0,0.0,226,0
0.0,0,0,7.75,0.0,0.0,1.0,0.0,0.0,1.0,0.0,0.0,1.0,227,1
40.5,0,0,15.1,0.0,0.0,1.0,0.0,1.0,0.0,0.0,1.0,0.0,228,0
36.0,0,0,13.0,0.0,1.0,0.0,0.0,1.0,0.0,0.0,1.0,0.0,229,0
14.0,0,0,65.0,0.0,1.0,0.0,0.0,1.0,0.0,0.0,1.0,0.0,230,0
21.0,0,0,26.55,1.0,0.0,0.0,0.0,1.0,0.0,0.0,0.0,1.0,231,1
21.0,1,0,6.4958,0.0,0.0,1.0,0.0,1.0,0.0,0.0,1.0,0.0,232,0
0.0,0,0,7.8792,0.0,0.0,1.0,0.0,0.0,1.0,0.0,1.0,0.0,233,0
39.0,1,0,71.2833,1.0,0.0,0.0,1.0,0.0,0.0,0.0,1.0,0.0,234,0
20.0,0,0,7.8542,0.0,0.0,1.0,0.0,1.0,0.0,0.0,1.0,0.0,235,0
64.0,1,0,75.25,1.0,0.0,0.0,1.0,0.0,0.0,0.0,1.0,0.0,236,0
20.0,0,0,7.225,0.0,0.0,1.0,1.0,0.0,0.0,0.0,1.0,0.0,237,0
18.0,1,1,13.0,0.0,1.0,0.0,0.0,1.0,0.0,0.0,0.0,1.0,238,1
48.0,1,0,106.425,1.0,0.0,0.0,1.0,0.0,0.0,0.0,0.0,1.0,239,1
55.0,0,0,27.7208,1.0,0.0,0.0,1.0,0.0,0.0,0.0,0.0,1.0,240,1
45.0,0,2,30.0,0.0,1.0,0.0,0.0,1.0,0.0,0.0,0.0,1.0,241,1
45.0,1,1,134.5,1.0,0.0,0.0,1.0,0.0,0.0,0.0,1.0,0.0,242,0
0.0,0,0,7.8875,0.0,0.0,1.0,0.0,1.0,0.0,0.0,1.0,0.0,243,0
0.0,1,2,23.45,0.0,0.0,1.0,0.0,1.0,0.0,0.0,1.0,0.0,244,0
41.0,1,0,51.8625,1.0,0.0,0.0,0.0,1.0,0.0,0.0,1.0,0.0,245,0
22.0,0,0,21.0,0.0,1.0,0.0,0.0,1.0,0.0,0.0,0.0,1.0,246,1
42.0,1,1,32.5,0.0,1.0,0.0,0.0,1.0,0.0,0.0,1.0,0.0,247,0
29.0,1,0,26.0,0.0,1.0,0.0,0.0,1.0,0.0,0.0,0.0,1.0,248,1
0.0,1,0,14.4542,0.0,0.0,1.0,1.0,0.0,0.0,0.0,0.0,1.0,249,1
0.92,1,2,27.75,0.0,1.0,0.0,0.0,1.0,0.0,0.0,0.0,1.0,250,1
20.0,0,0,7.925,0.0,0.0,1.0,0.0,1.0,0.0,0.0,1.0,0.0,251,0
27.0,1,0,136.7792,1.0,0.0,0.0,1.0,0.0,0.0,0.0,1.0,0.0,252,0
24.0,0,0,9.325,0.0,0.0,1.0,0.0,1.0,0.0,0.0,1.0,0.0,253,0
32.5,0,0,9.5,0.0,0.0,1.0,0.0,1.0,0.0,0.0,1.0,0.0,254,0
0.0,0,0,7.55,0.0,0.0,1.0,0.0,1.0,0.0,0.0,1.0,0.0,255,0
0.0,0,0,7.75,0.0,0.0,1.0,0.0,0.0,1.0,0.0,1.0,0.0,256,0
28.0,0,0,8.05,0.0,0.0,1.0,0.0,1.0,0.0,0.0,1.0,0.0,257,0
19.0,0,0,13.0,0.0,1.0,0.0,0.0,1.0,0.0,0.0,0.0,1.0,258,1
21.0,0,0,7.775,0.0,0.0,1.0,0.0,1.0,0.0,0.0,1.0,0.0,259,0
36.5,1,0,17.4,0.0,0.0,1.0,0.0,1.0,0.0,0.0,1.0,0.0,260,0
21.0,0,0,7.8542,0.0,0.0,1.0,0.0,1.0,0.0,0.0,1.0,0.0,261,0
29.0,0,2,23.0,0.0,1.0,0.0,0.0,1.0,0.0,0.0,0.0,1.0,262,1
1.0,1,1,12.1833,0.0,0.0,1.0,0.0,1.0,0.0,0.0,0.0,1.0,263,1
30.0,0,0,12.7375,0.0,1.0,0.0,1.0,0.0,0.0,0.0,1.0,0.0,264,0
0.0,0,0,7.8958,0.0,0.0,1.0,0.0,1.0,0.0,0.0,1.0,0.0,265,0
0.0,0,0,0.0,1.0,0.0,0.0,0.0,1.0,0.0,0.0,1.0,0.0,266,0
0.0,0,0,7.55,0.0,0.0,1.0,0.0,1.0,0.0,0.0,1.0,0.0,267,0
0.0,0,0,8.05,0.0,0.0,1.0,0.0,1.0,0.0,0.0,0.0,1.0,268,1
17.0,0,0,8.6625,0.0,0.0,1.0,0.0,1.0,0.0,0.0,1.0,0.0,269,0
46.0,0,0,75.2417,1.0,0.0,0.0,1.0,0.0,0.0,0.0,1.0,0.0,270,0
0.0,0,0,7.75,0.0,0.0,1.0,0.0,0.0,1.0,0.0,1.0,0.0,271,0
26.0,1,0,136.7792,1.0,0.0,0.0,1.0,0.0,0.0,0.0,0.0,1.0,272,1
0.0,1,0,15.5,0.0,0.0,1.0,0.0,0.0,1.0,0.0,0.0,1.0,273,1
0.0,0,0,7.225,0.0,0.0,1.0,1.0,0.0,0.0,0.0,1.0,0.0,274,0
20.0,1,0,26.0,0.0,1.0,0.0,0.0,1.0,0.0,0.0,0.0,1.0,275,1
28.0,0,0,10.5,0.0,1.0,0.0,0.0,1.0,0.0,0.0,1.0,0.0,276,0
40.0,1,0,26.0,0.0,1.0,0.0,0.0,1.0,0.0,0.0,1.0,0.0,277,0
30.0,1,0,21.0,0.0,1.0,0.0,0.0,1.0,0.0,0.0,1.0,0.0,278,0
22.0,0,0,10.5,0.0,1.0,0.0,0.0,1.0,0.0,0.0,1.0,0.0,279,0
23.0,0,0,8.6625,0.0,0.0,1.0,0.0,1.0,0.0,0.0,0.0,1.0,280,1
0.75,1,1,13.775,0.0,0.0,1.0,0.0,1.0,0.0,0.0,1.0,0.0,281,0
0.0,0,0,7.75,0.0,0.0,1.0,0.0,0.0,1.0,0.0,0.0,1.0,282,1
9.0,1,1,15.2458,0.0,0.0,1.0,1.0,0.0,0.0,0.0,0.0,1.0,283,1
2.0,1,1,20.2125,0.0,0.0,1.0,0.0,1.0,0.0,0.0,0.0,1.0,284,1
36.0,0,0,7.25,0.0,0.0,1.0,0.0,1.0,0.0,0.0,1.0,0.0,285,0
0.0,0,0,7.25,0.0,0.0,1.0,0.0,1.0,0.0,0.0,1.0,0.0,286,0
24.0,1,0,82.2667,1.0,0.0,0.0,0.0,1.0,0.0,0.0,1.0,0.0,287,0
0.0,0,0,7.2292,0.0,0.0,1.0,1.0,0.0,0.0,0.0,1.0,0.0,288,0
0.0,0,0,8.05,0.0,0.0,1.0,0.0,1.0,0.0,0.0,1.0,0.0,289,0
0.0,0,0,39.6,1.0,0.0,0.0,0.0,1.0,0.0,0.0,1.0,0.0,290,0
30.0,0,0,6.95,0.0,0.0,1.0,0.0,0.0,1.0,0.0,0.0,1.0,291,1
0.0,0,0,7.2292,0.0,0.0,1.0,1.0,0.0,0.0,0.0,1.0,0.0,292,0
53.0,1,1,81.8583,1.0,0.0,0.0,0.0,1.0,0.0,0.0,1.0,0.0,293,0
36.0,0,0,9.5,0.0,0.0,1.0,0.0,1.0,0.0,0.0,1.0,0.0,294,0
26.0,0,0,7.8958,0.0,0.0,1.0,0.0,1.0,0.0,0.0,1.0,0.0,295,0
1.0,1,2,41.5792,0.0,1.0,0.0,1.0,0.0,0.0,0.0,0.0,1.0,296,1
0.0,2,0,21.6792,0.0,0.0,1.0,1.0,0.0,0.0,0.0,1.0,0.0,297,0
30.0,0,0,45.5,1.0,0.0,0.0,0.0,1.0,0.0,0.0,1.0,0.0,298,0
29.0,0,0,7.8542,0.0,0.0,1.0,0.0,1.0,0.0,0.0,1.0,0.0,299,0
32.0,0,0,7.775,0.0,0.0,1.0,0.0,1.0,0.0,0.0,1.0,0.0,300,0
0.0,0,0,15.0458,0.0,1.0,0.0,1.0,0.0,0.0,0.0,1.0,0.0,301,0
43.0,0,1,21.0,0.0,1.0,0.0,0.0,1.0,0.0,0.0,1.0,0.0,302,0
24.0,0,0,8.6625,0.0,0.0,1.0,0.0,1.0,0.0,0.0,1.0,0.0,303,0
0.0,0,0,7.75,0.0,0.0,1.0,0.0,0.0,1.0,0.0,0.0,1.0,304,1
64.0,1,1,26.55,1.0,0.0,0.0,0.0,1.0,0.0,0.0,0.0,1.0,305,1
30.0,1,2,151.55,1.0,0.0,0.0,0.0,1.0,0.0,0.0,1.0,0.0,306,0
0.83,0,1,9.35,0.0,0.0,1.0,0.0,1.0,0.0,0.0,1.0,0.0,307,0
55.0,1,1,93.5,1.0,0.0,0.0,0.0,1.0,0.0,0.0,1.0,0.0,308,0
45.0,1,0,14.1083,0.0,0.0,1.0,0.0,1.0,0.0,0.0,0.0,1.0,309,1
18.0,0,0,8.6625,0.0,0.0,1.0,0.0,1.0,0.0,0.0,1.0,0.0,310,0
22.0,0,0,7.225,0.0,0.0,1.0,1.0,0.0,0.0,0.0,1.0,0.0,311,0
0.0,0,0,7.575,0.0,0.0,1.0,0.0,1.0,0.0,0.0,1.0,0.0,312,0
37.0,0,0,7.75,0.0,0.0,1.0,0.0,0.0,1.0,0.0,0.0,1.0,313,1
55.0,0,0,135.6333,1.0,0.0,0.0,1.0,0.0,0.0,0.0,0.0,1.0,314,1
17.0,0,0,7.7333,0.0,0.0,1.0,0.0,0.0,1.0,0.0,0.0,1.0,315,1
57.0,1,0,146.5208,1.0,0.0,0.0,1.0,0.0,0.0,0.0,1.0,0.0,316,0
19.0,0,0,10.5,0.0,1.0,0.0,0.0,1.0,0.0,0.0,1.0,0.0,317,0
27.0,0,0,7.8542,0.0,0.0,1.0,0.0,1.0,0.0,0.0,1.0,0.0,318,0
22.0,2,0,31.5,0.0,1.0,0.0,0.0,1.0,0.0,0.0,1.0,0.0,319,0
26.0,0,0,7.775,0.0,0.0,1.0,0.0,1.0,0.0,0.0,1.0,0.0,320,0
25.0,0,0,7.2292,0.0,0.0,1.0,1.0,0.0,0.0,0.0,1.0,0.0,321,0
26.0,0,0,13.0,0.0,1.0,0.0,0.0,1.0,0.0,0.0,1.0,0.0,322,0
33.0,0,0,26.55,1.0,0.0,0.0,0.0,1.0,0.0,0.0,1.0,0.0,323,0
39.0,0,0,211.3375,1.0,0.0,0.0,0.0,1.0,0.0,0.0,0.0,1.0,324,1
23.0,0,0,7.05,0.0,0.0,1.0,0.0,1.0,0.0,0.0,1.0,0.0,325,0
12.0,2,1,39.0,0.0,1.0,0.0,0.0,1.0,0.0,0.0,0.0,1.0,326,1
46.0,0,0,79.2,1.0,0.0,0.0,1.0,0.0,0.0,0.0,1.0,0.0,327,0
29.0,1,0,26.0,0.0,1.0,0.0,0.0,1.0,0.0,0.0,1.0,0.0,328,0
21.0,0,0,13.0,0.0,1.0,0.0,0.0,1.0,0.0,0.0,1.0,0.0,329,0
48.0,0,2,36.75,0.0,1.0,0.0,0.0,1.0,0.0,0.0,0.0,1.0,330,1
39.0,0,0,29.7,1.0,0.0,0.0,1.0,0.0,0.0,0.0,1.0,0.0,331,0
0.0,0,0,7.225,0.0,0.0,1.0,1.0,0.0,0.0,0.0,1.0,0.0,332,0
19.0,1,1,15.7417,0.0,0.0,1.0,1.0,0.0,0.0,0.0,0.0,1.0,333,1
27.0,0,0,7.8958,0.0,0.0,1.0,0.0,1.0,0.0,0.0,1.0,0.0,334,0
30.0,0,0,26.0,1.0,0.0,0.0,0.0,1.0,0.0,0.0,1.0,0.0,335,0
32.0,0,0,13.0,0.0,1.0,0.0,0.0,1.0,0.0,0.0,1.0,0.0,336,0
39.0,0,2,7.2292,0.0,0.0,1.0,1.0,0.0,0.0,0.0,1.0,0.0,337,0
25.0,0,0,31.5,0.0,1.0,0.0,0.0,1.0,0.0,0.0,1.0,0.0,338,0
0.0,0,0,7.2292,0.0,0.0,1.0,1.0,0.0,0.0,0.0,1.0,0.0,339,0
18.0,0,0,10.5,0.0,1.0,0.0,0.0,1.0,0.0,0.0,1.0,0.0,340,0
32.0,0,0,7.5792,0.0,0.0,1.0,0.0,1.0,0.0,0.0,1.0,0.0,341,0
0.0,1,9,69.55,0.0,0.0,1.0,0.0,1.0,0.0,0.0,1.0,0.0,342,0
58.0,0,1,512.3292,1.0,0.0,0.0,1.0,0.0,0.0,0.0,0.0,1.0,343,1
0.0,1,1,14.5,0.0,0.0,1.0,0.0,1.0,0.0,0.0,1.0,0.0,344,0
16.0,0,0,7.65,0.0,0.0,1.0,0.0,1.0,0.0,0.0,0.0,1.0,345,1
26.0,0,0,13.0,0.0,1.0,0.0,0.0,1.0,0.0,0.0,1.0,0.0,346,0
38.0,0,0,7.2292,0.0,0.0,1.0,1.0,0.0,0.0,0.0,0.0,1.0,347,1
24.0,0,0,13.5,0.0,1.0,0.0,0.0,1.0,0.0,0.0,1.0,0.0,348,0
31.0,0,0,21.0,0.0,1.0,0.0,0.0,1.0,0.0,0.0,0.0,1.0,349,1
45.0,0,1,63.3583,1.0,0.0,0.0,1.0,0.0,0.0,0.0,0.0,1.0,350,1
25.0,0,0,10.5,0.0,1.0,0.0,0.0,1.0,0.0,0.0,1.0,0.0,351,0
18.0,0,0,73.5,0.0,1.0,0.0,0.0,1.0,0.0,0.0,1.0,0.0,352,0
49.0,1,2,65.0,0.0,1.0,0.0,0.0,1.0,0.0,0.0,1.0,0.0,353,0
0.17,1,2,20.575,0.0,0.0,1.0,0.0,1.0,0.0,0.0,0.0,1.0,354,1
50.0,0,0,26.0,1.0,0.0,0.0,0.0,1.0,0.0,0.0,1.0,0.0,355,0
59.0,2,0,51.4792,1.0,0.0,0.0,0.0,1.0,0.0,0.0,0.0,1.0,356,1
0.0,0,0,7.8792,0.0,0.0,1.0,0.0,1.0,0.0,0.0,1.0,0.0,357,0
0.0,0,0,7.75,0.0,0.0,1.0,0.0,0.0,1.0,0.0,1.0,0.0,358,0
30.0,1,0,15.55,0.0,0.0,1.0,0.0,1.0,0.0,0.0,0.0,1.0,359,1
14.5,8,2,69.55,0.0,0.0,1.0,0.0,1.0,0.0,0.0,1.0,0.0,360,0
24.0,1,1,37.0042,0.0,1.0,0.0,1.0,0.0,0.0,0.0,0.0,1.0,361,1
31.0,0,0,21.0,0.0,1.0,0.0,0.0,1.0,0.0,0.0,0.0,1.0,362,1
27.0,0,0,8.6625,0.0,0.0,1.0,0.0,1.0,0.0,0.0,1.0,0.0,363,0
25.0,1,0,55.4417,1.0,0.0,0.0,1.0,0.0,0.0,0.0,0.0,1.0,364,1
0.0,1,9,69.55,0.0,0.0,1.0,0.0,1.0,0.0,0.0,0.0,1.0,365,1
0.0,1,0,14.4583,0.0,0.0,1.0,1.0,0.0,0.0,0.0,1.0,0.0,366,0
22.0,0,0,39.6875,0.0,0.0,1.0,0.0,1.0,0.0,0.0,0.0,1.0,367,1
45.0,0,1,59.4,1.0,0.0,0.0,1.0,0.0,0.0,0.0,0.0,1.0,368,1
29.0,0,0,13.8583,0.0,1.0,0.0,1.0,0.0,0.0,0.0,1.0,0.0,369,0
21.0,1,0,11.5,0.0,1.0,0.0,0.0,1.0,0.0,0.0,1.0,0.0,370,0
31.0,0,0,134.5,1.0,0.0,0.0,1.0,0.0,0.0,0.0,0.0,1.0,371,1
49.0,0,0,0.0,1.0,0.0,0.0,0.0,1.0,0.0,0.0,1.0,0.0,372,0
44.0,0,0,13.0,0.0,1.0,0.0,0.0,1.0,0.0,0.0,1.0,0.0,373,0
54.0,1,1,81.8583,1.0,0.0,0.0,0.0,1.0,0.0,0.0,0.0,1.0,374,1
45.0,0,0,262.375,1.0,0.0,0.0,1.0,0.0,0.0,0.0,0.0,1.0,375,1
22.0,2,0,8.6625,0.0,0.0,1.0,0.0,1.0,0.0,0.0,0.0,1.0,376,1
21.0,0,0,11.5,0.0,1.0,0.0,0.0,1.0,0.0,0.0,1.0,0.0,377,0
55.0,0,0,50.0,1.0,0.0,0.0,0.0,1.0,0.0,0.0,1.0,0.0,378,0
5.0,4,2,31.3875,0.0,0.0,1.0,0.0,1.0,0.0,0.0,1.0,0.0,379,0
0.0,0,0,7.75,0.0,0.0,1.0,0.0,0.0,1.0,0.0,1.0,0.0,380,0
26.0,0,0,7.8792,0.0,0.0,1.0,0.0,0.0,1.0,0.0,1.0,0.0,381,0
0.0,0,0,14.5,0.0,0.0,1.0,0.0,1.0,0.0,0.0,0.0,1.0,382,1
19.0,1,0,16.1,0.0,0.0,1.0,0.0,1.0,0.0,0.0,0.0,1.0,383,1
0.0,0,0,12.875,0.0,1.0,0.0,0.0,1.0,0.0,0.0,1.0,0.0,384,0
24.0,1,2,65.0,0.0,1.0,0.0,0.0,1.0,0.0,0.0,0.0,1.0,385,1
24.0,0,0,7.775,0.0,0.0,1.0,0.0,1.0,0.0,0.0,1.0,0.0,386,0
57.0,0,0,13.0,0.0,1.0,0.0,0.0,1.0,0.0,0.0,1.0,0.0,387,0
21.0,0,0,7.75,0.0,0.0,1.0,0.0,0.0,1.0,0.0,1.0,0.0,388,0
6.0,3,1,21.075,0.0,0.0,1.0,0.0,1.0,0.0,0.0,1.0,0.0,389,0
23.0,0,0,93.5,1.0,0.0,0.0,0.0,1.0,0.0,0.0,1.0,0.0,390,0
51.0,0,1,39.4,1.0,0.0,0.0,0.0,1.0,0.0,0.0,0.0,1.0,391,1
13.0,0,2,20.25,0.0,0.0,1.0,0.0,1.0,0.0,0.0,1.0,0.0,392,0
47.0,0,0,10.5,0.0,1.0,0.0,0.0,1.0,0.0,0.0,1.0,0.0,393,0
29.0,3,1,22.025,0.0,0.0,1.0,0.0,1.0,0.0,0.0,1.0,0.0,394,0
18.0,1,0,60.0,1.0,0.0,0.0,0.0,1.0,0.0,0.0,0.0,1.0,395,1
24.0,0,0,7.25,0.0,0.0,1.0,0.0,0.0,1.0,0.0,1.0,0.0,396,0
48.0,1,1,79.2,1.0,0.0,0.0,1.0,0.0,0.0,0.0,0.0,1.0,397,1
22.0,0,0,7.775,0.0,0.0,1.0,0.0,1.0,0.0,0.0,1.0,0.0,398,0
31.0,0,0,7.7333,0.0,0.0,1.0,0.0,0.0,1.0,0.0,1.0,0.0,399,0
30.0,0,0,164.8667,1.0,0.0,0.0,0.0,1.0,0.0,0.0,0.0,1.0,400,1
38.0,1,0,21.0,0.0,1.0,0.0,0.0,1.0,0.0,0.0,1.0,0.0,401,0
22.0,0,1,59.4,1.0,0.0,0.0,1.0,0.0,0.0,0.0,0.0,1.0,402,1
17.0,0,0,47.1,1.0,0.0,0.0,0.0,1.0,0.0,0.0,1.0,0.0,403,0
43.0,1,0,27.7208,1.0,0.0,0.0,1.0,0.0,0.0,0.0,1.0,0.0,404,0
20.0,0,0,13.8625,0.0,1.0,0.0,1.0,0.0,0.0,0.0,1.0,0.0,405,0
23.0,1,0,10.5,0.0,1.0,0.0,0.0,1.0,0.0,0.0,1.0,0.0,406,0
50.0,1,1,211.5,1.0,0.0,0.0,1.0,0.0,0.0,0.0,1.0,0.0,407,0
0.0,0,0,7.7208,0.0,0.0,1.0,0.0,0.0,1.0,0.0,0.0,1.0,408,1
3.0,1,1,13.775,0.0,0.0,1.0,0.0,1.0,0.0,0.0,0.0,1.0,409,1
0.0,0,0,7.75,0.0,0.0,1.0,0.0,0.0,1.0,0.0,0.0,1.0,410,1
37.0,1,0,90.0,1.0,0.0,0.0,0.0,0.0,1.0,0.0,0.0,1.0,411,1
28.0,0,0,7.775,0.0,0.0,1.0,0.0,1.0,0.0,0.0,0.0,1.0,412,1
0.0,0,0,8.05,0.0,0.0,1.0,0.0,1.0,0.0,0.0,1.0,0.0,413,0
39.0,0,0,108.9,1.0,0.0,0.0,1.0,0.0,0.0,0.0,0.0,1.0,414,1
38.5,0,0,7.25,0.0,0.0,1.0,0.0,1.0,0.0,0.0,1.0,0.0,415,0
0.0,0,0,8.05,0.0,0.0,1.0,0.0,1.0,0.0,0.0,1.0,0.0,416,0
0.0,1,1,22.3583,0.0,0.0,1.0,1.0,0.0,0.0,0.0,1.0,0.0,417,0