TransactionID,Timestamp,MerchantID
1,2022-01-01 00:00:00,2399
2,2022-01-01 01:00:00,2130
3,2022-01-01 02:00:00,2470
4,2022-01-01 03:00:00,2884
5,2022-01-01 04:00:00,2087
6,2022-01-01 05:00:00,2624
7,2022-01-01 06:00:00,2531
8,2022-01-01 07:00:00,2651
9,2022-01-01 08:00:00,2432
10,2022-01-01 09:00:00,2282
11,2022-01-01 10:00:00,2907
12,2022-01-01 11:00:00,2795
13,2022-01-01 12:00:00,2561
14,2022-01-01 13:00:00,2568
15,2022-01-01 14:00:00,2071
16,2022-01-01 15:00:00,2516
17,2022-01-01 16:00:00,2688
18,2022-01-01 17:00:00,2981
19,2022-01-01 18:00:00,2480
20,2022-01-01 19:00:00,2941
21,2022-01-01 20:00:00,2825
22,2022-01-01 21:00:00,2293
23,2022-01-01 22:00:00,2107
24,2022-01-01 23:00:00,2241
25,2022-01-02 00:00:00,2356
26,2022-01-02 01:00:00,2830
27,2022-01-02 02:00:00,2416
28,2022-01-02 03:00:00,2509
29,2022-01-02 04:00:00,2332
30,2022-01-02 05:00:00,2891
31,2022-01-02 06:00:00,2225
32,2022-01-02 07:00:00,2245
33,2022-01-02 08:00:00,2940
34,2022-01-02 09:00:00,2898
35,2022-01-02 10:00:00,2662
36,2022-01-02 11:00:00,2600
37,2022-01-02 12:00:00,2947
38,2022-01-02 13:00:00,2935
39,2022-01-02 14:00:00,2176
40,2022-01-02 15:00:00,2397
41,2022-01-02 16:00:00,2388
42,2022-01-02 17:00:00,2032
43,2022-01-02 18:00:00,2442
44,2022-01-02 19:00:00,2002
45,2022-01-02 20:00:00,2852
46,2022-01-02 21:00:00,2257
47,2022-01-02 22:00:00,2326
48,2022-01-02 23:00:00,2321
49,2022-01-03 00:00:00,2443
50,2022-01-03 01:00:00,2240
51,2022-01-03 02:00:00,2607
52,2022-01-03 03:00:00,2784
53,2022-01-03 04:00:00,2134
54,2022-01-03 05:00:00,2971
55,2022-01-03 06:00:00,2528
56,2022-01-03 07:00:00,2880
57,2022-01-03 08:00:00,2952
58,2022-01-03 09:00:00,2803
59,2022-01-03 10:00:00,2052
60,2022-01-03 11:00:00,2820
61,2022-01-03 12:00:00,2435
62,2022-01-03 13:00:00,2298
63,2022-01-03 14:00:00,2703
64,2022-01-03 15:00:00,2183
65,2022-01-03 16:00:00,2885
66,2022-01-03 17:00:00,2867
67,2022-01-03 18:00:00,2625
68,2022-01-03 19:00:00,2662
69,2022-01-03 20:00:00,2438
70,2022-01-03 21:00:00,2357
71,2022-01-03 22:00:00,2561
72,2022-01-03 23:00:00,2420
73,2022-01-04 00:00:00,2967
74,2022-01-04 01:00:00,2926
75,2022-01-04 02:00:00,2621
76,2022-01-04 03:00:00,2217
77,2022-01-04 04:00:00,2007
78,2022-01-04 05:00:00,2638
79,2022-01-04 06:00:00,2851
80,2022-01-04 07:00:00,2120
81,2022-01-04 08:00:00,2385
82,2022-01-04 09:00:00,2046
83,2022-01-04 10:00:00,2269
84,2022-01-04 11:00:00,2365
85,2022-01-04 12:00:00,2313
86,2022-01-04 13:00:00,2448
87,2022-01-04 14:00:00,2626
88,2022-01-04 15:00:00,2436
89,2022-01-04 16:00:00,2036
90,2022-01-04 17:00:00,2312
91,2022-01-04 18:00:00,2957
92,2022-01-04 19:00:00,2428
93,2022-01-04 20:00:00,2833
94,2022-01-04 21:00:00,2804
95,2022-01-04 22:00:00,2439
96,2022-01-04 23:00:00,2030
97,2022-01-05 00:00:00,2484
98,2022-01-05 01:00:00,2985
99,2022-01-05 02:00:00,2711
100,2022-01-05 03:00:00,2827
101,2022-01-05 04:00:00,2596
102,2022-01-05 05:00:00,2511
103,2022-01-05 06:00:00,2065
104,2022-01-05 07:00:00,2921
105,2022-01-05 08:00:00,2019
106,2022-01-05 09:00:00,2777
107,2022-01-05 10:00:00,2116
108,2022-01-05 11:00:00,2457
109,2022-01-05 12:00:00,2766
110,2022-01-05 13:00:00,2975
111,2022-01-05 14:00:00,2689
112,2022-01-05 15:00:00,2386
113,2022-01-05 16:00:00,2484
114,2022-01-05 17:00:00,2706
115,2022-01-05 18:00:00,2202
116,2022-01-05 19:00:00,2334
117,2022-01-05 20:00:00,2125
118,2022-01-05 21:00:00,2424
119,2022-01-05 22:00:00,2418
120,2022-01-05 23:00:00,2736
121,2022-01-06 00:00:00,2391
122,2022-01-06 01:00:00,2029
123,2022-01-06 02:00:00,2738
124,2022-01-06 03:00:00,2929
125,2022-01-06 04:00:00,2895
126,2022-01-06 05:00:00,2410
127,2022-01-06 06:00:00,2592
128,2022-01-06 07:00:00,2005
129,2022-01-06 08:00:00,2229
130,2022-01-06 09:00:00,2105
131,2022-01-06 10:00:00,2127
132,2022-01-06 11:00:00,2139
133,2022-01-06 12:00:00,2510
134,2022-01-06 13:00:00,2823
135,2022-01-06 14:00:00,2017
136,2022-01-06 15:00:00,2690
137,2022-01-06 16:00:00,2957
138,2022-01-06 17:00:00,2531
139,2022-01-06 18:00:00,2685
140,2022-01-06 19:00:00,2409
141,2022-01-06 20:00:00,2654
142,2022-01-06 21:00:00,2765
143,2022-01-06 22:00:00,2084
144,2022-01-06 23:00:00,2705
145,2022-01-07 00:00:00,2529
146,2022-01-07 01:00:00,2569
147,2022-01-07 02:00:00,2305
148,2022-01-07 03:00:00,2358
149,2022-01-07 04:00:00,2166
150,2022-01-07 05:00:00,2351
151,2022-01-07 06:00:00,2770
152,2022-01-07 07:00:00,2365
153,2022-01-07 08:00:00,2424
154,2022-01-07 09:00:00,2782
155,2022-01-07 10:00:00,2243
156,2022-01-07 11:00:00,2415
157,2022-01-07 12:00:00,2149
158,2022-01-07 13:00:00,2277
159,2022-01-07 14:00:00,2856
160,2022-01-07 15:00:00,2454
161,2022-01-07 16:00:00,2297
162,2022-01-07 17:00:00,2578
163,2022-01-07 18:00:00,2758
164,2022-01-07 19:00:00,2526
165,2022-01-07 20:00:00,2696
166,2022-01-07 21:00:00,2939
167,2022-01-07 22:00:00,2369
168,2022-01-07 23:00:00,2126
169,2022-01-08 00:00:00,2842
170,2022-01-08 01:00:00,2060
171,2022-01-08 02:00:00,2212
172,2022-01-08 03:00:00,2431
173,2022-01-08 04:00:00,2327
174,2022-01-08 05:00:00,2272
175,2022-01-08 06:00:00,2401
176,2022-01-08 07:00:00,2233
177,2022-01-08 08:00:00,2708
178,2022-01-08 09:00:00,2565
179,2022-01-08 10:00:00,2724
180,2022-01-08 11:00:00,2368
181,2022-01-08 12:00:00,2266
182,2022-01-08 13:00:00,2982
183,2022-01-08 14:00:00,2449
184,2022-01-08 15:00:00,2052
185,2022-01-08 16:00:00,2686
186,2022-01-08 17:00:00,2734
187,2022-01-08 18:00:00,2198
188,2022-01-08 19:00:00,2430
189,2022-01-08 20:00:00,2029
190,2022-01-08 21:00:00,2353
191,2022-01-08 22:00:00,2119
192,2022-01-08 23:00:00,2822
193,2022-01-09 00:00:00,2202
194,2022-01-09 01:00:00,2589
195,2022-01-09 02:00:00,2588
196,2022-01-09 03:00:00,2553
197,2022-01-09 04:00:00,2618
198,2022-01-09 05:00:00,2729
199,2022-01-09 06:00:00,2458
200,2022-01-09 07:00:00,2966
201,2022-01-09 08:00:00,2973
202,2022-01-09 09:00:00,2134
203,2022-01-09 10:00:00,2296
204,2022-01-09 11:00:00,2025
205,2022-01-09 12:00:00,2964
206,2022-01-09 13:00:00,2596
207,2022-01-09 14:00:00,2489
208,2022-01-09 15:00:00,2299
209,2022-01-09 16:00:00,2731
210,2022-01-09 17:00:00,2252
211,2022-01-09 18:00:00,2957
212,2022-01-09 19:00:00,2089
213,2022-01-09 20:00:00,2136
214,2022-01-09 21:00:00,2532
215,2022-01-09 22:00:00,2996
216,2022-01-09 23:00:00,2340
217,2022-01-10 00:00:00,2687
218,2022-01-10 01:00:00,2960
219,2022-01-10 02:00:00,2384
220,2022-01-10 03:00:00,2835
221,2022-01-10 04:00:00,2474
222,2022-01-10 05:00:00,2080
223,2022-01-10 06:00:00,2646
224,2022-01-10 07:00:00,2773
225,2022-01-10 08:00:00,2985
226,2022-01-10 09:00:00,2275
227,2022-01-10 10:00:00,2403
228,2022-01-10 11:00:00,2236
229,2022-01-10 12:00:00,2923
230,2022-01-10 13:00:00,2736
231,2022-01-10 14:00:00,2621
232,2022-01-10 15:00:00,2252
233,2022-01-10 16:00:00,2774
234,2022-01-10 17:00:00,2602
235,2022-01-10 18:00:00,2785
236,2022-01-10 19:00:00,2554
237,2022-01-10 20:00:00,2062
238,2022-01-10 21:00:00,2196
239,2022-01-10 22:00:00,2121
240,2022-01-10 23:00:00,2444
241,2022-01-11 00:00:00,2107
242,2022-01-11 01:00:00,2368
243,2022-01-11 02:00:00,2383
244,2022-01-11 03:00:00,2261
245,2022-01-11 04:00:00,2943
246,2022-01-11 05:00:00,2351
247,2022-01-11 06:00:00,2534
248,2022-01-11 07:00:00,2553
249,2022-01-11 08:00:00,2053
250,2022-01-11 09:00:00,2205
251,2022-01-11 10:00:00,2731
252,2022-01-11 11:00:00,2257
253,2022-01-11 12:00:00,2344
254,2022-01-11 13:00:00,2769
255,2022-01-11 14:00:00,2456
256,2022-01-11 15:00:00,2488
257,2022-01-11 16:00:00,2816
258,2022-01-11 17:00:00,2230
259,2022-01-11 18:00:00,2050
260,2022-01-11 19:00:00,2705
261,2022-01-11 20:00:00,2287
262,2022-01-11 21:00:00,2061
263,2022-01-11 22:00:00,2855
264,2022-01-11 23:00:00,2680
265,2022-01-12 00:00:00,2327
266,2022-01-12 01:00:00,2704
267,2022-01-12 02:00:00,2787
268,2022-01-12 03:00:00,2760
269,2022-01-12 04:00:00,2658
270,2022-01-12 05:00:00,2157
271,2022-01-12 06:00:00,2252
272,2022-01-12 07:00:00,2399
273,2022-01-12 08:00:00,2059
274,2022-01-12 09:00:00,2540
275,2022-01-12 10:00:00,2685
276,2022-01-12 11:00:00,2552
277,2022-01-12 12:00:00,2826
278,2022-01-12 13:00:00,2857
279,2022-01-12 14:00:00,2515
280,2022-01-12 15:00:00,2247
281,2022-01-12 16:00:00,2874
282,2022-01-12 17:00:00,2136
283,2022-01-12 18:00:00,2411
284,2022-01-12 19:00:00,2693
285,2022-01-12 20:00:00,2723
286,2022-01-12 21:00:00,2288
287,2022-01-12 22:00:00,2790
288,2022-01-12 23:00:00,2734
289,2022-01-13 00:00:00,2532
290,2022-01-13 01:00:00,2765
291,2022-01-13 02:00:00,2175
292,2022-01-13 03:00:00,2505
293,2022-01-13 04:00:00,2883
294,2022-01-13 05:00:00,2046
295,2022-01-13 06:00:00,2533
296,2022-01-13 07:00:00,2713
297,2022-01-13 08:00:00,2189
298,2022-01-13 09:00:00,2368
299,2022-01-13 10:00:00,2760
300,2022-01-13 11:00:00,2213
301,2022-01-13 12:00:00,2563
302,2022-01-13 13:00:00,2709
303,2022-01-13 14:00:00,2815
304,2022-01-13 15:00:00,2410
305,2022-01-13 16:00:00,2568
306,2022-01-13 17:00:00,2472
307,2022-01-13 18:00:00,2003
308,2022-01-13 19:00:00,2667
309,2022-01-13 20:00:00,2435
310,2022-01-13 21:00:00,2507
311,2022-01-13 22:00:00,2568
312,2022-01-13 23:00:00,2395
313,2022-01-14 00:00:00,2231
314,2022-01-14 01:00:00,2161
315,2022-01-14 02:00:00,2079
316,2022-01-14 03:00:00,2229
317,2022-01-14 04:00:00,2845
318,2022-01-14 05:00:00,2098
319,2022-01-14 06:00:00,2091
320,2022-01-14 07:00:00,2404
321,2022-01-14 08:00:00,2151
322,2022-01-14 09:00:00,2081
323,2022-01-14 10:00:00,2831
324,2022-01-14 11:00:00,2647
325,2022-01-14 12:00:00,2377
326,2022-01-14 13:00:00,2579
327,2022-01-14 14:00:00,2123
328,2022-01-14 15:00:00,2882
329,2022-01-14 16:00:00,2205
330,2022-01-14 17:00:00,2383
331,2022-01-14 18:00:00,2561
332,2022-01-14 19:00:00,2865
333,2022-01-14 20:00:00,2628
334,2022-01-14 21:00:00,2062
335,2022-01-14 22:00:00,2127
336,2022-01-14 23:00:00,2963
337,2022-01-15 00:00:00,2809
338,2022-01-15 01:00:00,2769
339,2022-01-15 02:00:00,2586
340,2022-01-15 03:00:00,2589
341,2022-01-15 04:00:00,2946
342,2022-01-15 05:00:00,2797
343,2022-01-15 06:00:00,2472
344,2022-01-15 07:00:00,2531
345,2022-01-15 08:00:00,2324
346,2022-01-15 09:00:00,2655
347,2022-01-15 10:00:00,2391
348,2022-01-15 11:00:00,2901
349,2022-01-15 12:00:00,2558
350,2022-01-15 13:00:00,2784
351,2022-01-15 14:00:00,2675
352,2022-01-15 15:00:00,2969
353,2022-01-15 16:00:00,2188
354,2022-01-15 17:00:00,2080
355,2022-01-15 18:00:00,2942
356,2022-01-15 19:00:00,2616
357,2022-01-15 20:00:00,2479
358,2022-01-15 21:00:00,2034
359,2022-01-15 22:00:00,2699
360,2022-01-15 23:00:00,2600
361,2022-01-16 00:00:00,2110
362,2022-01-16 01:00:00,2769
363,2022-01-16 02:00:00,2607
364,2022-01-16 03:00:00,2181
365,2022-01-16 04:00:00,2026
366,2022-01-16 05:00:00,2875
367,2022-01-16 06:00:00,2667
368,2022-01-16 07:00:00,2157
369,2022-01-16 08:00:00,2419
370,2022-01-16 09:00:00,2994
371,2022-01-16 10:00:00,2107
372,2022-01-16 11:00:00,2839
373,2022-01-16 12:00:00,2302
374,2022-01-16 13:00:00,2749
375,2022-01-16 14:00:00,2055
376,2022-01-16 15:00:00,2456
377,2022-01-16 16:00:00,2651
378,2022-01-16 17:00:00,2330
379,2022-01-16 18:00:00,2878
380,2022-01-16 19:00:00,2892
381,2022-01-16 20:00:00,2197
382,2022-01-16 21:00:00,2788
383,2022-01-16 22:00:00,2870
384,2022-01-16 23:00:00,2903
385,2022-01-17 00:00:00,2895
386,2022-01-17 01:00:00,2818
387,2022-01-17 02:00:00,2429
388,2022-01-17 03:00:00,2417
389,2022-01-17 04:00:00,2397
390,2022-01-17 05:00:00,2185
391,2022-01-17 06:00:00,2876
392,2022-01-17 07:00:00,2459
393,2022-01-17 08:00:00,2618
394,2022-01-17 09:00:00,2132
395,2022-01-17 10:00:00,2235
396,2022-01-17 11:00:00,2059
397,2022-01-17 12:00:00,2606
398,2022-01-17 13:00:00,2788
399,2022-01-17 14:00:00,2001
400,2022-01-17 15:00:00,2817
401,2022-01-17 16:00:00,2227
402,2022-01-17 17:00:00,2190
403,2022-01-17 18:00:00,2105
404,2022-01-17 19:00:00,2402
405,2022-01-17 20:00:00,2382
406,2022-01-17 21:00:00,2143
407,2022-01-17 22:00:00,2099
408,2022-01-17 23:00:00,2238
409,2022-01-18 00:00:00,2811
410,2022-01-18 01:00:00,2718
411,2022-01-18 02:00:00,2497
412,2022-01-18 03:00:00,2948
413,2022-01-18 04:00:00,2177
414,2022-01-18 05:00:00,2579
415,2022-01-18 06:00:00,2187
416,2022-01-18 07:00:00,2515
417,2022-01-18 08:00:00,2247
418,2022-01-18 09:00:00,2641
419,2022-01-18 10:00:00,2693
420,2022-01-18 11:00:00,2848
421,2022-01-18 12:00:00,2164
422,2022-01-18 13:00:00,2720
423,2022-01-18 14:00:00,2177
424,2022-01-18 15:00:00,2812
425,2022-01-18 16:00:00,2249
426,2022-01-18 17:00:00,2149
427,2022-01-18 18:00:00,2353
428,2022-01-18 19:00:00,2377
429,2022-01-18 20:00:00,2568
430,2022-01-18 21:00:00,2682
431,2022-01-18 22:00:00,2811
432,2022-01-18 23:00:00,2212
433,2022-01-19 00:00:00,2524
434,2022-01-19 01:00:00,2554
435,2022-01-19 02:00:00,2963
436,2022-01-19 03:00:00,2657
437,2022-01-19 04:00:00,2051
438,2022-01-19 05:00:00,2892
439,2022-01-19 06:00:00,2131
440,2022-01-19 07:00:00,2444
441,2022-01-19 08:00:00,2313
442,2022-01-19 09:00:00,2888
443,2022-01-19 10:00:00,2927
444,2022-01-19 11:00:00,2158
445,2022-01-19 12:00:00,2509
446,2022-01-19 13:00:00,2393
447,2022-01-19 14:00:00,2488
448,2022-01-19 15:00:00,2376
449,2022-01-19 16:00:00,2413
450,2022-01-19 17:00:00,2030
451,2022-01-19 18:00:00,2627
452,2022-01-19 19:00:00,2459
453,2022-01-19 20:00:00,2982
454,2022-01-19 21:00:00,2647
455,2022-01-19 22:00:00,2469
456,2022-01-19 23:00:00,2743
457,2022-01-20 00:00:00,2323
458,2022-01-20 01:00:00,2954
459,2022-01-20 02:00:00,2024
460,2022-01-20 03:00:00,2374
461,2022-01-20 04:00:00,2061
462,2022-01-20 05:00:00,2654
463,2022-01-20 06:00:00,2742
464,2022-01-20 07:00:00,2230
465,2022-01-20 08:00:00,2724
466,2022-01-20 09:00:00,2376
467,2022-01-20 10:00:00,2563
468,2022-01-20 11:00:00,2714
469,2022-01-20 12:00:00,2555
470,2022-01-20 13:00:00,2397
471,2022-01-20 14:00:00,2138
472,2022-01-20 15:00:00,2443
473,2022-01-20 16:00:00,2911
474,2022-01-20 17:00:00,2617
475,2022-01-20 18:00:00,2084
476,2022-01-20 19:00:00,2514
477,2022-01-20 20:00:00,2566
478,2022-01-20 21:00:00,2875
479,2022-01-20 22:00:00,2647
480,2022-01-20 23:00:00,2660
481,2022-01-21 00:00:00,2459
482,2022-01-21 01:00:00,2708
483,2022-01-21 02:00:00,2504
484,2022-01-21 03:00:00,2445
485,2022-01-21 04:00:00,2411
486,2022-01-21 05:00:00,2654
487,2022-01-21 06:00:00,2613
488,2022-01-21 07:00:00,2350
489,2022-01-21 08:00:00,2364
490,2022-01-21 09:00:00,2439
491,2022-01-21 10:00:00,2897
492,2022-01-21 11:00:00,2791
493,2022-01-21 12:00:00,2101
494,2022-01-21 13:00:00,2599
495,2022-01-21 14:00:00,2345
496,2022-01-21 15:00:00,2276
497,2022-01-21 16:00:00,2012
498,2022-01-21 17:00:00,2520
499,2022-01-21 18:00:00,2958
500,2022-01-21 19:00:00,2463
501,2022-01-21 20:00:00,2043
502,2022-01-21 21:00:00,2328
503,2022-01-21 22:00:00,3000
504,2022-01-21 23:00:00,2905
505,2022-01-22 00:00:00,2426
506,2022-01-22 01:00:00,2963
507,2022-01-22 02:00:00,2436
508,2022-01-22 03:00:00,2460
509,2022-01-22 04:00:00,2285
510,2022-01-22 05:00:00,2027
511,2022-01-22 06:00:00,2694
512,2022-01-22 07:00:00,2217
513,2022-01-22 08:00:00,2162
514,2022-01-22 09:00:00,2117
515,2022-01-22 10:00:00,2639
516,2022-01-22 11:00:00,2521
517,2022-01-22 12:00:00,2571
518,2022-01-22 13:00:00,2938
519,2022-01-22 14:00:00,2119
520,2022-01-22 15:00:00,2178
521,2022-01-22 16:00:00,2443
522,2022-01-22 17:00:00,2533
523,2022-01-22 18:00:00,2089
524,2022-01-22 19:00:00,2796
525,2022-01-22 20:00:00,2092
526,2022-01-22 21:00:00,2232
527,2022-01-22 22:00:00,2063
528,2022-01-22 23:00:00,2324
529,2022-01-23 00:00:00,2034
530,2022-01-23 01:00:00,2086
531,2022-01-23 02:00:00,2943
532,2022-01-23 03:00:00,2747
533,2022-01-23 04:00:00,2072
534,2022-01-23 05:00:00,2640
535,2022-01-23 06:00:00,2709
536,2022-01-23 07:00:00,2243
537,2022-01-23 08:00:00,2631
538,2022-01-23 09:00:00,2585
539,2022-01-23 10:00:00,2809
540,2022-01-23 11:00:00,2521
541,2022-01-23 12:00:00,2160
542,2022-01-23 13:00:00,2705
543,2022-01-23 14:00:00,2069
544,2022-01-23 15:00:00,2863
545,2022-01-23 16:00:00,2201
546,2022-01-23 17:00:00,2814
547,2022-01-23 18:00:00,2363
548,2022-01-23 19:00:00,2538
549,2022-01-23 20:00:00,2578
550,2022-01-23 21:00:00,2585
551,2022-01-23 22:00:00,2030
552,2022-01-23 23:00:00,2771
553,2022-01-24 00:00:00,2277
554,2022-01-24 01:00:00,2104
555,2022-01-24 02:00:00,2492
556,2022-01-24 03:00:00,2761
557,2022-01-24 04:00:00,2411
558,2022-01-24 05:00:00,2028
559,2022-01-24 06:00:00,2902
560,2022-01-24 07:00:00,2942
561,2022-01-24 08:00:00,2963
562,2022-01-24 09:00:00,2555
563,2022-01-24 10:00:00,2352
564,2022-01-24 11:00:00,2530
565,2022-01-24 12:00:00,2383
566,2022-01-24 13:00:00,2853
567,2022-01-24 14:00:00,2947
568,2022-01-24 15:00:00,2602
569,2022-01-24 16:00:00,2829
570,2022-01-24 17:00:00,2368
571,2022-01-24 18:00:00,2537
572,2022-01-24 19:00:00,2992
573,2022-01-24 20:00:00,2620
574,2022-01-24 21:00:00,2487
575,2022-01-24 22:00:00,2024
576,2022-01-24 23:00:00,2999
577,2022-01-25 00:00:00,2795
578,2022-01-25 01:00:00,2064
579,2022-01-25 02:00:00,2108
580,2022-01-25 03:00:00,2105
581,2022-01-25 04:00:00,2299
582,2022-01-25 05:00:00,2848
583,2022-01-25 06:00:00,2053
584,2022-01-25 07:00:00,2753
585,2022-01-25 08:00:00,2038
586,2022-01-25 09:00:00,2386
587,2022-01-25 10:00:00,2298
588,2022-01-25 11:00:00,2517
589,2022-01-25 12:00:00,2817
590,2022-01-25 13:00:00,2763
591,2022-01-25 14:00:00,2450
592,2022-01-25 15:00:00,2073
593,2022-01-25 16:00:00,2521
594,2022-01-25 17:00:00,2034
595,2022-01-25 18:00:00,2222
596,2022-01-25 19:00:00,2361
597,2022-01-25 20:00:00,2602
598,2022-01-25 21:00:00,2043
599,2022-01-25 22:00:00,2419
600,2022-01-25 23:00:00,2255
601,2022-01-26 00:00:00,2428
602,2022-01-26 01:00:00,2098
603,2022-01-26 02:00:00,2276
604,2022-01-26 03:00:00,2557
605,2022-01-26 04:00:00,2536
606,2022-01-26 05:00:00,2005
607,2022-01-26 06:00:00,2786
608,2022-01-26 07:00:00,2103
609,2022-01-26 08:00:00,2580
610,2022-01-26 09:00:00,2523
611,2022-01-26 10:00:00,2310
612,2022-01-26 11:00:00,2940
613,2022-01-26 12:00:00,2744
614,2022-01-26 13:00:00,2119
615,2022-01-26 14:00:00,2647
616,2022-01-26 15:00:00,2588
617,2022-01-26 16:00:00,2703
618,2022-01-26 17:00:00,2113
619,2022-01-26 18:00:00,2862
620,2022-01-26 19:00:00,2881
621,2022-01-26 20:00:00,2303
622,2022-01-26 21:00:00,2195
623,2022-01-26 22:00:00,2019
624,2022-01-26 23:00:00,2066
625,2022-01-27 00:00:00,2468
626,2022-01-27 01:00:00,2493
627,2022-01-27 02:00:00,2335
628,2022-01-27 03:00:00,2734
629,2022-01-27 04:00:00,2022
630,2022-01-27 05:00:00,2090
631,2022-01-27 06:00:00,2894
632,2022-01-27 07:00:00,2418
633,2022-01-27 08:00:00,2780
634,2022-01-27 09:00:00,2217
635,2022-01-27 10:00:00,2480
636,2022-01-27 11:00:00,2616
637,2022-01-27 12:00:00,2451
638,2022-01-27 13:00:00,2557
639,2022-01-27 14:00:00,2710
640,2022-01-27 15:00:00,2753
641,2022-01-27 16:00:00,2859
642,2022-01-27 17:00:00,2816
643,2022-01-27 18:00:00,2492
644,2022-01-27 19:00:00,2284
645,2022-01-27 20:00:00,2513
646,2022-01-27 21:00:00,2795
647,2022-01-27 22:00:00,2701
648,2022-01-27 23:00:00,2470
649,2022-01-28 00:00:00,2506
650,2022-01-28 01:00:00,2323
651,2022-01-28 02:00:00,2550
652,2022-01-28 03:00:00,2480
653,2022-01-28 04:00:00,2087
654,2022-01-28 05:00:00,2774
655,2022-01-28 06:00:00,2334
656,2022-01-28 07:00:00,2899
657,2022-01-28 08:00:00,2336
658,2022-01-28 09:00:00,2008
659,2022-01-28 10:00:00,2304
660,2022-01-28 11:00:00,2911
661,2022-01-28 12:00:00,2582
662,2022-01-28 13:00:00,2931
663,2022-01-28 14:00:00,2612
664,2022-01-28 15:00:00,2084
665,2022-01-28 16:00:00,2770
666,2022-01-28 17:00:00,2766
667,2022-01-28 18:00:00,2232
668,2022-01-28 19:00:00,2470
669,2022-01-28 20:00:00,2815
670,2022-01-28 21:00:00,2004
671,2022-01-28 22:00:00,2126
672,2022-01-28 23:00:00,2615
673,2022-01-29 00:00:00,2933
674,2022-01-29 01:00:00,2468
675,2022-01-29 02:00:00,2884
676,2022-01-29 03:00:00,2754
677,2022-01-29 04:00:00,2297
678,2022-01-29 05:00:00,2580
679,2022-01-29 06:00:00,2986
680,2022-01-29 07:00:00,2120
681,2022-01-29 08:00:00,2279
682,2022-01-29 09:00:00,2574
683,2022-01-29 10:00:00,2729
684,2022-01-29 11:00:00,2233
685,2022-01-29 12:00:00,2885
686,2022-01-29 13:00:00,2160
687,2022-01-29 14:00:00,2854
688,2022-01-29 15:00:00,2997
689,2022-01-29 16:00:00,2685
690,2022-01-29 17:00:00,2895
691,2022-01-29 18:00:00,2254
692,2022-01-29 19:00:00,2806
693,2022-01-29 20:00:00,2175
694,2022-01-29 21:00:00,2119
695,2022-01-29 22:00:00,2101
696,2022-01-29 23:00:00,2397
697,2022-01-30 00:00:00,2667
698,2022-01-30 01:00:00,2279
699,2022-01-30 02:00:00,2866
700,2022-01-30 03:00:00,2413
701,2022-01-30 04:00:00,2957
702,2022-01-30 05:00:00,2452
703,2022-01-30 06:00:00,2954
704,2022-01-30 07:00:00,2918
705,2022-01-30 08:00:00,2196
706,2022-01-30 09:00:00,2830
707,2022-01-30 10:00:00,2055
708,2022-01-30 11:00:00,2892
709,2022-01-30 12:00:00,2745
710,2022-01-30 13:00:00,2383
711,2022-01-30 14:00:00,2037
712,2022-01-30 15:00:00,2811
713,2022-01-30 16:00:00,2346
714,2022-01-30 17:00:00,2336
715,2022-01-30 18:00:00,2638
716,2022-01-30 19:00:00,2354
717,2022-01-30 20:00:00,2478
718,2022-01-30 21:00:00,2981
719,2022-01-30 22:00:00,2078
720,2022-01-30 23:00:00,2281
721,2022-01-31 00:00:00,2186
722,2022-01-31 01:00:00,2739
723,2022-01-31 02:00:00,2717
724,2022-01-31 03:00:00,2704
725,2022-01-31 04:00:00,2206
726,2022-01-31 05:00:00,2234
727,2022-01-31 06:00:00,2957
728,2022-01-31 07:00:00,2601
729,2022-01-31 08:00:00,2524
730,2022-01-31 09:00:00,2940
731,2022-01-31 10:00:00,2403
732,2022-01-31 11:00:00,2131
733,2022-01-31 12:00:00,2270
734,2022-01-31 13:00:00,2413
735,2022-01-31 14:00:00,2498
736,2022-01-31 15:00:00,2428
737,2022-01-31 16:00:00,2813
738,2022-01-31 17:00:00,2845
739,2022-01-31 18:00:00,2586
740,2022-01-31 19:00:00,2268
741,2022-01-31 20:00:00,2540
742,2022-01-31 21:00:00,2670
743,2022-01-31 22:00:00,2880
744,2022-01-31 23:00:00,2639
745,2022-02-01 00:00:00,2896
746,2022-02-01 01:00:00,2264
747,2022-02-01 02:00:00,2202
748,2022-02-01 03:00:00,2513
749,2022-02-01 04:00:00,2003
750,2022-02-01 05:00:00,2845
751,2022-02-01 06:00:00,2446
752,2022-02-01 07:00:00,2700
753,2022-02-01 08:00:00,2259
754,2022-02-01 09:00:00,2658
755,2022-02-01 10:00:00,2150
756,2022-02-01 11:00:00,2892
757,2022-02-01 12:00:00,2192
758,2022-02-01 13:00:00,2731
759,2022-02-01 14:00:00,2487
760,2022-02-01 15:00:00,2201
761,2022-02-01 16:00:00,2431
762,2022-02-01 17:00:00,2181
763,2022-02-01 18:00:00,2987
764,2022-02-01 19:00:00,2728
765,2022-02-01 20:00:00,2418
766,2022-02-01 21:00:00,2556
767,2022-02-01 22:00:00,2422
768,2022-02-01 23:00:00,2749
769,2022-02-02 00:00:00,2669
770,2022-02-02 01:00:00,2161
771,2022-02-02 02:00:00,2693
772,2022-02-02 03:00:00,2562
773,2022-02-02 04:00:00,2870
774,2022-02-02 05:00:00,2329
775,2022-02-02 06:00:00,2019
776,2022-02-02 07:00:00,2341
777,2022-02-02 08:00:00,2164
778,2022-02-02 09:00:00,2016
779,2022-02-02 10:00:00,2537
780,2022-02-02 11:00:00,2997
781,2022-02-02 12:00:00,2441
782,2022-02-02 13:00:00,2080
783,2022-02-02 14:00:00,2100
784,2022-02-02 15:00:00,2230
785,2022-02-02 16:00:00,2403
786,2022-02-02 17:00:00,2496
787,2022-02-02 18:00:00,2719
788,2022-02-02 19:00:00,2879
789,2022-02-02 20:00:00,2608
790,2022-02-02 21:00:00,2920
791,2022-02-02 22:00:00,2213
792,2022-02-02 23:00:00,2464
793,2022-02-03 00:00:00,2553
794,2022-02-03 01:00:00,2499
795,2022-02-03 02:00:00,2465
796,2022-02-03 03:00:00,2265
797,2022-02-03 04:00:00,2942
798,2022-02-03 05:00:00,2223
799,2022-02-03 06:00:00,2561
800,2022-02-03 07:00:00,2804
801,2022-02-03 08:00:00,2875
802,2022-02-03 09:00:00,2213
803,2022-02-03 10:00:00,2151
804,2022-02-03 11:00:00,2460
805,2022-02-03 12:00:00,2093
806,2022-02-03 13:00:00,2033
807,2022-02-03 14:00:00,2689
808,2022-02-03 15:00:00,2469
809,2022-02-03 16:00:00,2212
810,2022-02-03 17:00:00,2709
811,2022-02-03 18:00:00,2207
812,2022-02-03 19:00:00,2249
813,2022-02-03 20:00:00,2684
814,2022-02-03 21:00:00,2871
815,2022-02-03 22:00:00,2295
816,2022-02-03 23:00:00,2987
817,2022-02-04 00:00:00,2340
818,2022-02-04 01:00:00,2011
819,2022-02-04 02:00:00,2113
820,2022-02-04 03:00:00,2789
821,2022-02-04 04:00:00,2432
822,2022-02-04 05:00:00,2315
823,2022-02-04 06:00:00,2383
824,2022-02-04 07:00:00,2676
825,2022-02-04 08:00:00,2843
826,2022-02-04 09:00:00,2667
827,2022-02-04 10:00:00,2787
828,2022-02-04 11:00:00,2587
829,2022-02-04 12:00:00,2934
830,2022-02-04 13:00:00,2488
831,2022-02-04 14:00:00,2988
832,2022-02-04 15:00:00,2479
833,2022-02-04 16:00:00,2807
834,2022-02-04 17:00:00,2450
835,2022-02-04 18:00:00,2951
836,2022-02-04 19:00:00,2628
837,2022-02-04 20:00:00,2200
838,2022-02-04 21:00:00,2525
839,2022-02-04 22:00:00,2177
840,2022-02-04 23:00:00,2555
841,2022-02-05 00:00:00,2907
842,2022-02-05 01:00:00,2765
843,2022-02-05 02:00:00,2618
844,2022-02-05 03:00:00,2321
845,2022-02-05 04:00:00,2046
846,2022-02-05 05:00:00,2054
847,2022-02-05 06:00:00,2874
848,2022-02-05 07:00:00,2777
849,2022-02-05 08:00:00,2744
850,2022-02-05 09:00:00,2097
851,2022-02-05 10:00:00,2862
852,2022-02-05 11:00:00,2461
853,2022-02-05 12:00:00,2198
854,2022-02-05 13:00:00,2906
855,2022-02-05 14:00:00,2280
856,2022-02-05 15:00:00,2016
857,2022-02-05 16:00:00,2707
858,2022-02-05 17:00:00,2945
859,2022-02-05 18:00:00,2646
860,2022-02-05 19:00:00,2544
861,2022-02-05 20:00:00,2990
862,2022-02-05 21:00:00,2768
863,2022-02-05 22:00:00,2821
864,2022-02-05 23:00:00,2983
865,2022-02-06 00:00:00,2420
866,2022-02-06 01:00:00,2687
867,2022-02-06 02:00:00,2627
868,2022-02-06 03:00:00,2656
869,2022-02-06 04:00:00,2332
870,2022-02-06 05:00:00,2689
871,2022-02-06 06:00:00,2517
872,2022-02-06 07:00:00,2917
873,2022-02-06 08:00:00,2472
874,2022-02-06 09:00:00,2300
875,2022-02-06 10:00:00,2451
876,2022-02-06 11:00:00,2927
877,2022-02-06 12:00:00,2179
878,2022-02-06 13:00:00,2306
879,2022-02-06 14:00:00,2692
880,2022-02-06 15:00:00,2178
881,2022-02-06 16:00:00,2747
882,2022-02-06 17:00:00,2477
883,2022-02-06 18:00:00,2813
884,2022-02-06 19:00:00,2909
885,2022-02-06 20:00:00,2601
886,2022-02-06 21:00:00,2660
887,2022-02-06 22:00:00,2164
888,2022-02-06 23:00:00,2472
889,2022-02-07 00:00:00,2960
890,2022-02-07 01:00:00,2261
891,2022-02-07 02:00:00,2362
892,2022-02-07 03:00:00,2762
893,2022-02-07 04:00:00,2059
894,2022-02-07 05:00:00,2507
895,2022-02-07 06:00:00,2518
896,2022-02-07 07:00:00,2873
897,2022-02-07 08:00:00,2666
898,2022-02-07 09:00:00,2226
899,2022-02-07 10:00:00,2209
900,2022-02-07 11:00:00,2742
901,2022-02-07 12:00:00,2347
902,2022-02-07 13:00:00,2969
903,2022-02-07 14:00:00,2870
904,2022-02-07 15:00:00,2292
905,2022-02-07 16:00:00,2686
906,2022-02-07 17:00:00,2683
907,2022-02-07 18:00:00,2484
908,2022-02-07 19:00:00,2894
909,2022-02-07 20:00:00,2564
910,2022-02-07 21:00:00,2714
911,2022-02-07 22:00:00,2348
912,2022-02-07 23:00:00,2282
913,2022-02-08 00:00:00,2273
914,2022-02-08 01:00:00,2161
915,2022-02-08 02:00:00,2537
916,2022-02-08 03:00:00,2532
917,2022-02-08 04:00:00,2512
918,2022-02-08 05:00:00,2265
919,2022-02-08 06:00:00,2845
920,2022-02-08 07:00:00,2975
921,2022-02-08 08:00:00,2958
922,2022-02-08 09:00:00,2433
923,2022-02-08 10:00:00,2811
924,2022-02-08 11:00:00,2954
925,2022-02-08 12:00:00,2483
926,2022-02-08 13:00:00,2131
927,2022-02-08 14:00:00,2983
928,2022-02-08 15:00:00,2682
929,2022-02-08 16:00:00,2698
930,2022-02-08 17:00:00,2391
931,2022-02-08 18:00:00,2551
932,2022-02-08 19:00:00,2451
933,2022-02-08 20:00:00,2077
934,2022-02-08 21:00:00,2867
935,2022-02-08 22:00:00,2647
936,2022-02-08 23:00:00,2864
937,2022-02-09 00:00:00,2869
938,2022-02-09 01:00:00,2295
939,2022-02-09 02:00:00,2336
940,2022-02-09 03:00:00,2657
941,2022-02-09 04:00:00,2404
942,2022-02-09 05:00:00,2127
943,2022-02-09 06:00:00,2165
944,2022-02-09 07:00:00,2460
945,2022-02-09 08:00:00,2254
946,2022-02-09 09:00:00,2263
947,2022-02-09 10:00:00,2616
948,2022-02-09 11:00:00,2858
949,2022-02-09 12:00:00,2026
950,2022-02-09 13:00:00,2251
951,2022-02-09 14:00:00,2886
952,2022-02-09 15:00:00,2775
953,2022-02-09 16:00:00,2220
954,2022-02-09 17:00:00,2109
955,2022-02-09 18:00:00,2599
956,2022-02-09 19:00:00,2901
957,2022-02-09 20:00:00,2828
958,2022-02-09 21:00:00,2824
959,2022-02-09 22:00:00,2549
960,2022-02-09 23:00:00,2166
961,2022-02-10 00:00:00,2865
962,2022-02-10 01:00:00,2257
963,2022-02-10 02:00:00,2192
964,2022-02-10 03:00:00,2125
965,2022-02-10 04:00:00,2078
966,2022-02-10 05:00:00,2512
967,2022-02-10 06:00:00,2157
968,2022-02-10 07:00:00,2052
969,2022-02-10 08:00:00,2110
970,2022-02-10 09:00:00,2539
971,2022-02-10 10:00:00,2120
972,2022-02-10 11:00:00,2580
973,2022-02-10 12:00:00,2782
974,2022-02-10 13:00:00,2960
975,2022-02-10 14:00:00,2797
976,2022-02-10 15:00:00,2167
977,2022-02-10 16:00:00,2389
978,2022-02-10 17:00:00,2206
979,2022-02-10 18:00:00,2852
980,2022-02-10 19:00:00,2912
981,2022-02-10 20:00:00,2156
982,2022-02-10 21:00:00,2376
983,2022-02-10 22:00:00,2150
984,2022-02-10 23:00:00,2776
985,2022-02-11 00:00:00,2879
986,2022-02-11 01:00:00,2203
987,2022-02-11 02:00:00,2598
988,2022-02-11 03:00:00,2721
989,2022-02-11 04:00:00,2976
990,2022-02-11 05:00:00,2124
991,2022-02-11 06:00:00,2458
992,2022-02-11 07:00:00,2538
993,2022-02-11 08:00:00,2432
994,2022-02-11 09:00:00,2654
995,2022-02-11 10:00:00,2460
996,2022-02-11 11:00:00,2401
997,2022-02-11 12:00:00,2336
998,2022-02-11 13:00:00,2504
999,2022-02-11 14:00:00,2357
1000,2022-02-11 15:00:00,2094
